shape,angle_deg,distance_m,analytical_mu,numerical_mu,analytical_factor,numerical_factor,relative_complex_error
sphere,0,0.050000000000000003,0,0,0.51282051282051289,0.51282051282051277,5.7533934102550933e-16
sphere,0,0.068000000000000005,0,0,0.51759834368530022,0.51759834368530022,2.0035494679695727e-15
sphere,0,0.085999999999999993,0,0,0.52246603970741901,0.52246603970741901,6.6405214660392168e-16
sphere,0,0.104,0,0,0.52742616033755274,0.52742616033755274,1.6970914330254382e-15
sphere,0,0.122,0,0,0.53248136315228967,0.53248136315228967,1.0376011968467785e-15
sphere,0,0.14000000000000001,0,0,0.5376344086021505,0.5376344086021505,2.2240890332248358e-15
sphere,0,0.15799999999999997,0,0,0.54288816503800219,0.54288816503800219,1.4205238001755736e-15
sphere,0,0.17599999999999999,0,0,0.54824561403508765,0.54824561403508765,2.5933252454540848e-15
sphere,0,0.19400000000000001,0,0,0.55370985603543743,0.55370985603543743,1.707249440533636e-15
sphere,0,0.21199999999999997,0,0,0.5592841163310962,0.5592841163310962,1.0735954925949388e-15
sphere,0,0.22999999999999998,0,0,0.56497175141242939,0.56497175141242939,1.4965715774838537e-15
sphere,0,0.248,0,0,0.57077625570776247,0.57077625570776258,2.1484450332245425e-15
sphere,0,0.26599999999999996,0,0,0.57670126874279126,0.57670126874279126,3.7138491598804871e-15
sphere,0,0.28399999999999997,0,0,0.58275058275058289,0.58275058275058278,1.0767243372492662e-15
sphere,0,0.30199999999999999,0,0,0.58892815076560656,0.58892815076560656,2.6070456607657481e-15
sphere,0,0.31999999999999995,0,0,0.59523809523809523,0.59523809523809523,3.4722444742897165e-15
sphere,0,0.33799999999999997,0,0,0.60168471720818284,0.60168471720818295,2.4058342867776088e-15
sphere,0,0.35599999999999998,0,0,0.6082725060827251,0.60827250608272498,3.1941116418465753e-15
sphere,0,0.37399999999999994,0,0,0.6150061500615005,0.61500615006150061,2.0283666645304969e-15
sphere,0,0.39199999999999996,0,0,0.62189054726368154,0.62189054726368165,2.7943404428951308e-15
sphere,0,0.40999999999999998,0,0,0.62893081761006275,0.62893081761006286,1.5496331599621665e-15
sphere,0,0.42799999999999994,0,0,0.63613231552162852,0.63613231552162841,2.3497437218997939e-15
sphere,0,0.44599999999999995,0,0,0.64350064350064362,0.64350064350064351,3.4307190521048926e-16
sphere,0,0.46399999999999997,0,0,0.65104166666666663,0.65104166666666674,1.7192344658465019e-15
sphere,0,0.48199999999999993,0,0,0.65876152832674584,0.65876152832674573,1.0190604411916988e-15
sphere,0,0.49999999999999994,0,0,0.66666666666666663,0.66666666666666663,2.3090570495424368e-15
sphere,0,0.51800000000000002,0,0,0.67476383265856965,0.67476383265856954,1.4554611133642547e-15
sphere,0,0.53600000000000003,0,0,0.68306010928961747,0.68306010928961747,3.6344300003540077e-16
sphere,0,0.55400000000000005,0,0,0.69156293222683252,0.69156293222683263,1.027946355517162e-15
sphere,0,0.57199999999999995,0,0,0.70028011204481788,0.70028011204481799,1.5853984791647237e-16
sphere,0,0.58999999999999997,0,0,0.70921985815602839,0.70921985815602828,4.3810634623466139e-15
sphere,0,0.60799999999999998,0,0,0.7183908045977011,0.71839080459770122,5.2550316731902296e-16
sphere,0,0.626,0,0,0.72780203784570607,0.72780203784570618,3.8323587952431396e-16
sphere,0,0.64400000000000002,0,0,0.73746312684365778,0.73746312684365789,9.7855057390461298e-16
sphere,0,0.66200000000000003,0,0,0.74738415545590442,0.74738415545590442,1.1141088052113444e-16
sphere,0,0.68000000000000005,0,0,0.75757575757575757,0.75757575757575757,1.1815193521063178e-15
sphere,0,0.69799999999999995,0,0,0.76804915514592931,0.76804915514592942,4.3365311341858621e-16
sphere,0,0.71599999999999997,0,0,0.7788161993769469,0.77881619937694702,1.7165610532076448e-15
sphere,0,0.73399999999999999,0,0,0.78988941548183256,0.78988941548183267,7.4705600588543078e-16
sphere,0,0.752,0,0,0.80128205128205143,0.80128205128205132,3.5386031440208625e-15
sphere,0,0.77000000000000002,0,0,0.81300813008130079,0.81300813008130079,1.6229665520979038e-15
sphere,0,0.78800000000000003,0,0,0.82508250825082496,0.82508250825082508,3.4675068498805949e-16
sphere,0,0.80599999999999994,0,0,0.83752093802345051,0.83752093802345062,6.830913177935834e-15
sphere,0,0.82399999999999995,0,0,0.85034013605442182,0.85034013605442182,1.331878717170627e-15
sphere,0,0.84199999999999997,0,0,0.86355785837651111,0.86355785837651111,6.517564696307668e-15
sphere,0,0.85999999999999999,0,0,0.87719298245614041,0.87719298245614041,9.6596868146670407e-16
sphere,0,0.878,0,0,0.89126559714794995,0.89126559714795017,2.6424656079647938e-15
sphere,0,0.89600000000000002,0,0,0.9057971014492755,0.9057971014492755,3.0445414084490392e-15
sphere,0,0.91399999999999992,0,0,0.92081031307550654,0.92081031307550643,4.1153143799691147e-15
sphere,0,0.93199999999999994,0,0,0.93632958801498123,0.93632958801498123,3.5119083282695395e-15
sphere,0,0.94999999999999996,0,0,0.95238095238095211,0.95238095238095233,1.6943295595912645e-15
sphere,0,0.96799999999999997,0,0,0.96899224806201545,0.96899224806201545,3.6378201954441488e-15
sphere,0,0.98599999999999999,0,0,0.98619329388560173,0.98619329388560162,3.4690452309101888e-15
sphere,0,1.004,0,0,1.0040160642570282,1.0040160642570282,1.4752973740283869e-15
sphere,0,1.022,0,0,1.0224948875255622,1.0224948875255626,1.1542192318419452e-15
sphere,0,1.0399999999999998,0,0,1.0416666666666663,1.0416666666666665,1.2834101332393607e-15
sphere,0,1.0580000000000001,0,0,1.061571125265393,1.061571125265393,9.6420770021253802e-16
sphere,0,1.0760000000000001,0,0,1.0822510822510822,1.0822510822510825,7.8126109468648636e-16
sphere,0,1.0939999999999999,0,0,1.1037527593818983,1.1037527593818983,1.450674893797188e-15
sphere,0,1.1119999999999999,0,0,1.1261261261261257,1.1261261261261262,4.9293902293356965e-16
sphere,0,1.1299999999999999,0,0,1.1494252873563218,1.1494252873563218,1.4377309134944896e-15
sphere,0,1.1479999999999999,0,0,1.1737089201877937,1.1737089201877935,5.6880582530166434e-15
sphere,0,1.1659999999999999,0,0,1.199040767386091,1.1990407673860914,2.1607282304569069e-15
sphere,0,1.1839999999999999,0,0,1.225490196078431,1.2254901960784317,2.8432726258750882e-15
sphere,0,1.202,0,0,1.2531328320802004,1.2531328320802009,2.5508821008851877e-15
sphere,0,1.22,0,0,1.2820512820512824,1.2820512820512824,1.0098904996656741e-15
sphere,0,1.238,0,0,1.3123359580052494,1.3123359580052496,2.7621280197717492e-15
sphere,0,1.256,0,0,1.344086021505376,1.3440860215053765,2.2905845931460978e-15
sphere,0,1.274,0,0,1.3774104683195594,1.3774104683195596,2.320727324865471e-15
sphere,0,1.292,0,0,1.412429378531074,1.4124293785310738,3.16862008064876e-16
sphere,0,1.3100000000000001,0,0,1.4492753623188408,1.4492753623188415,1.7817958911054918e-15
sphere,0,1.3279999999999998,0,0,1.4880952380952377,1.4880952380952379,1.9225780553793403e-16
sphere,0,1.3459999999999999,0,0,1.5290519877675832,1.5290519877675843,2.2570060935111369e-15
sphere,0,1.3639999999999999,0,0,1.5723270440251569,1.5723270440251571,4.9427129056311979e-16
sphere,0,1.3819999999999999,0,0,1.6181229773462786,1.6181229773462789,3.4305891460917331e-16
sphere,0,1.3999999999999999,0,0,1.6666666666666665,1.666666666666667,8.4260003245840851e-16
sphere,0,1.4179999999999999,0,0,1.7182130584192432,1.7182130584192448,2.8896697543798271e-15
sphere,0,1.4359999999999999,0,0,1.7730496453900708,1.7730496453900715,8.855321466976492e-16
sphere,0,1.454,0,0,1.8315018315018321,1.8315018315018325,9.1731947470587635e-16
sphere,0,1.472,0,0,1.8939393939393938,1.8939393939393947,6.3406982112989672e-16
sphere,0,1.49,0,0,1.9607843137254892,1.9607843137254914,2.2824805665690237e-15
sphere,0,1.508,0,0,2.0325203252032522,2.0325203252032522,4.0967229608668276e-17
sphere,0,1.526,0,0,2.1097046413502119,2.1097046413502114,7.2039943702852589e-15
sphere,0,1.544,0,0,2.192982456140351,2.192982456140351,3.037570195374428e-16
sphere,0,1.5619999999999998,0,0,2.2831050228310494,2.2831050228310499,3.2678439314485059e-15
sphere,0,1.5799999999999998,0,0,2.3809523809523787,2.38095238095238,1.4204747176117947e-15
sphere,0,1.5979999999999999,0,0,2.4875621890547257,2.4875621890547266,2.9712292292278713e-15
sphere,0,1.6159999999999999,0,0,2.6041666666666674,2.6041666666666661,2.6760212949412585e-15
sphere,0,1.6339999999999999,0,0,2.732240437158469,2.7322404371584703,6.1572489662207621e-15
sphere,0,1.6519999999999999,0,0,2.8735632183908022,2.8735632183908044,9.3047234659853697e-16
sphere,0,1.6699999999999999,0,0,3.0303030303030298,3.0303030303030316,2.2131702344421692e-15
sphere,0,1.6879999999999999,0,0,3.2051282051282071,3.2051282051282053,2.3888955468952082e-15
sphere,0,1.706,0,0,3.4013605442176864,3.4013605442176891,1.7818276431227876e-15
sphere,0,1.724,0,0,3.6231884057970984,3.6231884057971024,1.0842301411296483e-15
sphere,0,1.742,0,0,3.8759689922480618,3.8759689922480662,1.7786825664046042e-15
sphere,0,1.76,0,0,4.1666666666666705,4.1666666666666696,1.5371389603148994e-15
sphere,0,1.7779999999999998,0,0,4.5045045045045047,4.5045045045045047,3.2339204395645577e-15
sphere,0,1.7959999999999998,0,0,4.9019607843137214,4.9019607843137241,2.5751709763040768e-15
sphere,0,1.8139999999999998,0,0,5.3763440860214944,5.3763440860215077,6.7813024348416444e-15
sphere,0,1.8319999999999999,0,0,5.9523809523809472,5.9523809523809517,8.7085882728567293e-16
sphere,0,1.8499999999999999,0,0,6.6666666666666705,6.6666666666666732,5.0381682730878129e-15
sphere,0,1.8679999999999999,0,0,7.575757575757569,7.5757575757575788,3.4719538570990126e-15
sphere,0,1.8859999999999999,0,0,8.7719298245613793,8.7719298245614201,6.9579219981400006e-15
sphere,0,1.9039999999999999,0,0,10.416666666666657,10.416666666666679,2.136737990578299e-15
sphere,0,1.9219999999999999,0,0,12.820512820512846,12.820512820512866,1.4728687130253009e-15
sphere,0,1.9399999999999999,0,0,16.666666666666654,16.666666666666714,5.452344948833743e-15
sphere,0,1.958,0,0,23.809523809523661,23.809523809524002,1.4606401933164234e-14
sphere,0,1.976,0,0,41.666666666666629,41.666666666667069,1.328057406165332e-14
sphere,0,1.994,0,0,166.66666666667268,166.66666666667768,3.004782317522185e-14
sphere,0,2.0119999999999996,2,2,83.333333333336341,83.333333333335077,1.5321173199401114e-14
sphere,0,2.0299999999999998,2,2,33.333333333333059,33.333333333333428,1.1959536177479826e-14
sphere,0,2.0479999999999996,2,2,20.833333333333702,20.833333333333417,1.3524672835204458e-14
sphere,0,2.0659999999999998,2,2,15.15151515151519,15.151515151515158,7.8864842399438713e-15
sphere,0,2.0839999999999996,2,2,11.904761904761957,11.904761904761923,9.5906984674282855e-15
sphere,0,2.1019999999999999,2,2,9.8039215686275067,9.8039215686274481,7.8936613082474874e-15
sphere,0,2.1199999999999997,2,2,8.3333333333333268,8.3333333333333393,4.0444801558003631e-15
sphere,0,2.1379999999999995,2,2,7.2463768115942546,7.2463768115942271,3.7758297972761261e-15
sphere,0,2.1559999999999997,2,2,6.410256410256423,6.4102564102564106,2.4048519383892147e-15
sphere,0,2.1739999999999995,2,2,5.7471264367816257,5.7471264367816222,8.4915215670705628e-15
sphere,0,2.1919999999999997,2,2,5.2083333333333526,5.2083333333333321,5.9841072274674234e-15
sphere,15,0.050000000000000003,0,0,0.51283712964480332,0.51283712963791028,1.3441008194525544e-11
sphere,15,0.068000000000000005,0,0,0.51762178459547292,0.51762178458801522,1.440768720722959e-11
sphere,15,0.085999999999999993,0,0,0.52249679587300746,0.52249679586495001,1.5420971522617482e-11
sphere,15,0.104,0,0,0.52746475423428829,0.52746475422561812,1.6437369641326264e-11
sphere,15,0.122,0,0,0.53252835070398685,0.53252835069468152,1.7473852513984406e-11
sphere,15,0.14000000000000001,0,0,0.5376903814857914,0.53769038147583204,1.8522568749677948e-11
sphere,15,0.15799999999999997,0,0,0.54295375316594074,0.54295375315528727,1.9621288370000395e-11
sphere,15,0.17599999999999999,0,0,0.54832148822961579,0.54832148821824189,2.0743146478858241e-11
sphere,15,0.19400000000000001,0,0,0.55379673091242132,0.55379673090031978,2.1851860144908277e-11
sphere,15,0.21199999999999997,0,0,0.55938275341101007,0.55938275339813248,2.3021043793202899e-11
sphere,15,0.22999999999999998,0,0,0.56508296247890777,0.56508296246524492,2.4178508559429996e-11
sphere,15,0.248,0,0,0.57090090643578373,0.57090090642129387,2.5380579105975044e-11
sphere,15,0.26599999999999996,0,0,0.57684028262081022,0.57684028260546039,2.661026096488084e-11
sphere,15,0.28399999999999997,0,0,0.58290494532338455,0.5829049453071421,2.7864582263880228e-11
sphere,15,0.30199999999999999,0,0,0.58909891422738048,0.58909891421020621,2.9153436786046604e-11
sphere,15,0.31999999999999995,0,0,0.59542638340826581,0.59542638339007381,3.0552815317286175e-11
sphere,15,0.33799999999999997,0,0,0.6018917309259163,0.60189173090674231,3.1856459227377686e-11
sphere,15,0.35599999999999998,0,0,0.60849952905980675,0.60849952903958326,3.3235073873053631e-11
sphere,15,0.37399999999999994,0,0,0.6152545552374945,0.61525455521618,3.4643310655162013e-11
sphere,15,0.39199999999999996,0,0,0.62216180371200069,0.6221618036895471,3.6089445983999023e-11
sphere,15,0.40999999999999998,0,0,0.62922649804885267,0.62922649802518327,3.7616736616758225e-11
sphere,15,0.42799999999999994,0,0,0.63645410448929085,0.636454104464383,3.9135416558924483e-11
sphere,15,0.44599999999999995,0,0,0.64385034626246018,0.64385034623626036,4.0692432199281037e-11
sphere,15,0.46399999999999997,0,0,0.65142121892644889,0.65142121889890525,4.2282286636519155e-11
sphere,15,0.48199999999999993,0,0,0.65917300682583113,0.6591730067968824,4.3916605583136082e-11
sphere,15,0.49999999999999994,0,0,0.66711230076203953,0.6671123007316474,4.5557694057116313e-11
sphere,15,0.51800000000000002,0,0,0.67524601698255537,0.67524601695059905,4.73254897969358e-11
sphere,15,0.53600000000000003,0,0,0.68358141760565427,0.68358141757209745,4.9089656069034475e-11
sphere,15,0.55400000000000005,0,0,0.69212613260946065,0.69212613257422539,5.0908576251133463e-11
sphere,15,0.57199999999999995,0,0,0.7008881835274785,0.70088818349040949,5.2888643224354908e-11
sphere,15,0.58999999999999997,0,0,0.70987600900779568,0.70987600896896019,5.4707538378300182e-11
sphere,15,0.60799999999999998,0,0,0.71909849240999069,0.71909849236915302,5.6790023424322618e-11
sphere,15,0.626,0,0,0.72856499163268496,0.72856499158982702,5.8825229546313928e-11
sphere,15,0.64400000000000002,0,0,0.73828537138592443,0.73828537134102434,6.0816561412602448e-11
sphere,15,0.66200000000000003,0,0,0.74827003814653237,0.74827003809934034,6.3068053181406048e-11
sphere,15,0.68000000000000005,0,0,0.75852997806155997,0.75852997801211641,6.5183335482619324e-11
sphere,15,0.69799999999999995,0,0,0.76907679809549323,0.7690767980435208,6.7577703077161566e-11
sphere,15,0.71599999999999997,0,0,0.77992277075140126,0.77992277069685545,6.993746670256472e-11
sphere,15,0.73399999999999999,0,0,0.7910808827353919,0.79108088267814647,7.2363570465847702e-11
sphere,15,0.752,0,0,0.80256488797823289,0.80256488791814007,7.4876003326178425e-11
sphere,15,0.77000000000000002,0,0,0.81438936547865781,0.8143893654155675,7.7469409273315654e-11
sphere,15,0.78800000000000003,0,0,0.82656978249064483,0.8265697824243895,8.0157078905400935e-11
sphere,15,0.80599999999999994,0,0,0.83912256364297944,0.83912256357339376,8.2926642916154594e-11
sphere,15,0.82399999999999995,0,0,0.85206516665503063,0.85206516658203291,8.5671479566858674e-11
sphere,15,0.84199999999999997,0,0,0.86541616539945565,0.86541616532265253,8.8747020926350084e-11
sphere,15,0.85999999999999999,0,0,0.87919534116237374,0.87919534108164932,9.1816384533097166e-11
sphere,15,0.878,0,0,0.89342378306665449,0.89342378298178304,9.4995759667011287e-11
sphere,15,0.89600000000000002,0,0,0.9081239987569939,0.90812399866773208,9.829261821020893e-11
sphere,15,0.91399999999999992,0,0,0.92332003659957107,0.92332003650565753,1.0171283008530709e-10
sphere,15,0.93199999999999994,0,0,0.93903762082812237,0.93903762072915076,1.0539699570735679e-10
sphere,15,0.94999999999999996,0,0,0.95530430127677624,0.95530430117270371,1.0894180323524665e-10
sphere,15,0.96799999999999997,0,0,0.97214961958352308,0.97214961947388723,1.1277680309323433e-10
sphere,15,0.98599999999999999,0,0,0.989605294033439,0.98960529391774543,1.1690884040113352e-10
sphere,15,1.004,0,0,1.00770542554586,1.00770542542385,1.2107708221555078e-10
sphere,15,1.022,0,0,1.0264867277045726,1.0264867275759926,1.2526214883057204e-10
sphere,15,1.0399999999999998,0,0,1.0459887841968953,1.0459887840611592,1.297681339704156e-10
sphere,15,1.0580000000000001,0,0,1.0662543375812468,1.0662543374378399,1.3449593045898093e-10
sphere,15,1.0760000000000001,0,0,1.0873296139618895,1.0873296138099584,1.3972868550265851e-10
sphere,15,1.0939999999999999,0,0,1.1092646889369868,1.1092646887762507,1.4490322634598533e-10
sphere,15,1.1119999999999999,0,0,1.1321139011303318,1.1321139009605523,1.4996679556842093e-10
sphere,15,1.1299999999999999,0,0,1.1559363207540918,1.1559363205742386,1.5559099164335938e-10
sphere,15,1.1479999999999999,0,0,1.180796282024406,1.1807962818331577,1.6196562199889608e-10
sphere,15,1.1659999999999999,0,0,1.2067639899208111,1.2067639897179196,1.6812861658767361e-10
sphere,15,1.1839999999999999,0,0,1.2339162138164737,1.2339162136008213,1.7477076832708493e-10
sphere,15,1.202,0,0,1.2623370830017777,1.262337082772935,1.8128500013947153e-10
sphere,15,1.22,0,0,1.2921190021980342,1.2921190019538062,1.8901364485352733e-10
sphere,15,1.238,0,0,1.3233637089652084,1.323363708704907,1.9669664426319057e-10
sphere,15,1.256,0,0,1.3561834996487283,1.3561834993713802,2.0450630987411061e-10
sphere,15,1.274,0,0,1.3907026564495786,1.3907026561526108,2.1353785495541388e-10
sphere,15,1.292,0,0,1.4270591156880341,1.4270591153707675,2.2232204504215798e-10
sphere,15,1.3100000000000001,0,0,1.4654064268298017,1.4654064264897524,2.3205125444627141e-10
sphere,15,1.3279999999999998,0,0,1.5059160639789697,1.5059160636138511,2.4245616063177053e-10
sphere,15,1.3459999999999999,0,0,1.5487801671624535,1.5487801667687706,2.5418894959460892e-10
sphere,15,1.3639999999999999,0,0,1.5942148109947123,1.5942148105705829,2.6604279221405863e-10
sphere,15,1.3819999999999999,0,0,1.6424639248212205,1.6424639243639592,2.7839946059834318e-10
sphere,15,1.3999999999999999,0,0,1.6938040234310519,1.6938040229362641,2.9211631813277213e-10
sphere,15,1.4179999999999999,0,0,1.7485499540613281,1.748549953523481,3.0759607889368487e-10
sphere,15,1.4359999999999999,0,0,1.8070619282029974,1.8070619276180646,3.23692722045652e-10
sphere,15,1.454,0,0,1.8697541921935978,1.8697541915556828,3.4117579201727485e-10
sphere,15,1.472,0,0,1.9371058083417831,1.937105807643974,3.6023288425303764e-10
sphere,15,1.49,0,0,2.0096741826666999,2.009674181900742,3.8113532088079482e-10
sphere,15,1.508,0,0,2.0881122079051746,2.08811220706145,4.0406101249333562e-10
sphere,15,1.526,0,0,2.1731902246175911,2.1731902236845868,4.2932470982512199e-10
sphere,15,1.544,0,0,2.2658244914552546,2.2658244904165588,4.5841850512270176e-10
sphere,15,1.5619999999999998,0,0,2.3671145820981039,2.3671145809407785,4.8891812218277423e-10
sphere,15,1.5799999999999998,0,0,2.4783932292388395,2.4783932279392276,5.2437681580484206e-10
sphere,15,1.5979999999999999,0,0,2.6012938481011814,2.6012938466337281,5.6412436855297215e-10
sphere,15,1.6159999999999999,0,0,2.7378436968194149,2.7378436951495249,6.0992888721474898e-10
sphere,15,1.6339999999999999,0,0,2.8905950902961925,2.8905950883811986,6.6249129197183471e-10
sphere,15,1.6519999999999999,0,0,3.0628146156823077,3.0628146134694201,7.22501385829076e-10
sphere,15,1.6699999999999999,0,0,3.2587634833929138,3.2587634807987924,7.9604458650300581e-10
sphere,15,1.6879999999999999,0,0,3.4841262071572596,3.4841262040811349,8.8289696654398157e-10
sphere,15,1.706,0,0,3.7466908726477763,3.7466908689438871,9.8857615130943386e-10
sphere,15,1.724,0,0,4.0574776136592865,4.0574776091124214,1.1206138605637649e-09
sphere,15,1.742,0,0,4.4327144835492804,4.4327144778286192,1.2905548264400436e-09
sphere,15,1.76,0,0,4.8975378076542135,4.8975378002297552,1.5159573087791509e-09
sphere,15,1.7779999999999998,0,0,5.4935470380940403,5.4935470280300587,1.8319642093186328e-09
sphere,15,1.7959999999999998,0,0,6.2961158017024301,6.2961157871756237,2.3072647902583539e-09
sphere,15,1.8139999999999998,0,0,7.4611072286889693,7.4611072056027075,3.0942138207591052e-09
sphere,15,1.8319999999999999,0,0,9.3875869336973725,9.3875868900018755,4.6546037039294119e-09
sphere,15,1.8499999999999999,0,0,13.63682414964601,13.636824022446213,9.3276701353573455e-09
sphere,15,1.8679999999999999,0,0,136.10306000610092,136.10294042379056,8.7861588389311234e-07
sphere,15,1.8859999999999999,1,1,14.707465494347217,14.707465636186484,9.6440320079687127e-09
sphere,15,1.9039999999999999,1,1,10.749860409391003,10.74986046115411,4.8152354861040815e-09
sphere,15,1.9219999999999999,1,1,9.1144203717603176,9.1144204010256153,3.2108785066059259e-09
sphere,15,1.9399999999999999,1,1,8.2268124971218786,8.226812516992295,2.415323829121773e-09
sphere,15,1.958,1,1,7.6999347492070376,7.6999347640738227,1.9307676283724418e-09
sphere,15,1.976,1,1,7.3899286520812941,7.389928663966348,1.6082771497312315e-09
sphere,15,1.994,1,1,7.2339190092349144,7.2339190191781055,1.3745234831945936e-09
sphere,15,2.0119999999999996,1,1,7.2053398589547228,7.2053398675714719,1.1958837560183308e-09
sphere,15,2.0299999999999998,1,1,7.2996603248883387,7.2996603325781395,1.0534464276144619e-09
sphere,15,2.0479999999999996,1,1,7.5322216902583277,7.5322216972672189,9.3052113925182622e-10
sphere,15,2.0659999999999998,1,1,7.9458806610844706,7.9458806676084963,8.2105762127256506e-10
sphere,15,2.0839999999999996,1,1,8.6371720265606893,8.6371720327155792,7.1260470677960957e-10
sphere,15,2.1019999999999999,1,1,9.8416546246787213,9.8416546304410577,5.8550495112441e-10
sphere,15,2.1199999999999997,1,1,12.311374089141967,12.311374093797099,3.7811634201884716e-10
sphere,15,2.1379999999999995,1,1,21.202757924305637,21.202757913442035,5.1236750136072523e-10
sphere,15,2.1559999999999997,2,2,18.914334031262385,18.914334063795383,1.7200181703349144e-09
sphere,15,2.1739999999999995,2,2,10.871287165730264,10.871287176713789,1.0103242159534888e-09
sphere,15,2.1919999999999997,2,2,8.2272214881614456,8.2272214950333229,8.3526099739893333e-10
sphere,30,0.050000000000000003,0,0,0.51310725953602809,0.51310725943907087,1.8896095610196761e-10
sphere,30,0.068000000000000005,0,0,0.51800297677573459,0.51800297667467188,1.9510059683550382e-10
sphere,30,0.085999999999999993,0,0,0.52299712347970084,0.5229971233743852,2.0136953462077793e-10
sphere,30,0.104,0,0,0.52809281536572672,0.52809281525599217,2.0779412935216823e-10
sphere,30,0.122,0,0,0.53329330547954568,0.53329330536521202,2.1439187055935853e-10
sphere,30,0.14000000000000001,0,0,0.53860199205378434,0.53860199193468039,2.2113537609292249e-10
sphere,30,0.15799999999999997,0,0,0.54402242692475078,0.54402242680066237,2.2809425242984734e-10
sphere,30,0.17599999999999999,0,0,0.54955832455459463,0.54955832442534158,2.3519440288090634e-10
sphere,30,0.19400000000000001,0,0,0.55521357171114238,0.55521357157653206,2.4244776442059094e-10
sphere,30,0.21199999999999997,0,0,0.56099223786300123,0.56099223772279239,2.4993005340494454e-10
sphere,30,0.22999999999999998,0,0,0.56689858635344947,0.56689858620741362,2.5760489663401668e-10
sphere,30,0.248,0,0,0.57293708642324015,0.57293708627115769,2.6544336678541834e-10
sphere,30,0.26599999999999996,0,0,0.57911242615986325,0.57911242600144752,2.7354914248847945e-10
sphere,30,0.28399999999999997,0,0,0.58542952645911639,0.5854295262941317,2.8181815888171678e-10
sphere,30,0.30199999999999999,0,0,0.59189355609418437,0.59189355592234683,2.9031832514641709e-10
sphere,30,0.31999999999999995,0,0,0.598509947997928,0.59850994781885136,2.9920402474726686e-10
sphere,30,0.33799999999999997,0,0,0.6052844168759387,0.60528441668940947,3.081679151054236e-10
sphere,30,0.35599999999999998,0,0,0.61222297828129679,0.61222297808692527,3.1748495982853295e-10
sphere,30,0.37399999999999994,0,0,0.61933196929710388,0.61933196909454058,3.270673702482654e-10
sphere,30,0.39199999999999996,0,0,0.62661807099002154,0.6266180707788811,3.3695236930161598e-10
sphere,30,0.40999999999999998,0,0,0.63408833281752663,0.63408833259741693,3.4712783191231587e-10
sphere,30,0.42799999999999994,0,0,0.64175019919376397,0.64175019896420593,3.5770621703370992e-10
sphere,30,0.44599999999999995,0,0,0.64961153844413666,0.64961153820483353,3.683788552893503e-10
sphere,30,0.46399999999999997,0,0,0.65768067440766087,0.65768067415801679,3.79582528373414e-10
sphere,30,0.48199999999999993,0,0,0.66596642097914471,0.66596642071866641,3.9112825705023483e-10
sphere,30,0.49999999999999994,0,0,0.67447811992118856,0.67447811964933302,4.0306061493528821e-10
sphere,30,0.51800000000000002,0,0,0.68322568231961811,0.68322568203580569,4.1540073489545212e-10
sphere,30,0.53600000000000003,0,0,0.69221963410623744,0.69221963380983065,4.2819753203224999e-10
sphere,30,0.55400000000000005,0,0,0.70147116613090532,0.70147116582126268,4.4141894898741284e-10
sphere,30,0.57199999999999995,0,0,0.71099218933224462,0.71099218900871741,4.5503618209706907e-10
sphere,30,0.58999999999999997,0,0,0.72079539563451012,0.72079539529628578,4.6923769080291534e-10
sphere,30,0.60799999999999998,0,0,0.73089432528921239,0.73089432493531126,4.8420281754139711e-10
sphere,30,0.626,0,0,0.74130344148650351,0.74130344111639146,4.9927189767589882e-10
sphere,30,0.64400000000000002,0,0,0.75203821318596176,0.75203821279851057,5.1520136221612388e-10
sphere,30,0.66200000000000003,0,0,0.76311520726289273,0.76311520685693068,5.3197995722613159e-10
sphere,30,0.68000000000000005,0,0,0.77455219123890129,0.77455219081371618,5.4894309736518576e-10
sphere,30,0.69799999999999995,0,0,0.78636824806969963,0.7863682476239312,5.6686977353465767e-10
sphere,30,0.71599999999999997,0,0,0.79858390470542029,0.79858390423774439,5.8563152305947951e-10
sphere,30,0.73399999999999999,0,0,0.81122127642731834,0.81122127593622706,6.053727352099332e-10
sphere,30,0.752,0,0,0.82430422930971758,0.82430422879409593,6.2552351434352948e-10
sphere,30,0.77000000000000002,0,0,0.83785856357006638,0.83785856302830986,6.4659657718483377e-10
sphere,30,0.78800000000000003,0,0,0.85191222106878028,0.85191222049847415,6.6944249102820654e-10
sphere,30,0.80599999999999994,0,0,0.86649552082413417,0.86649552022426579,6.9229249882382782e-10
sphere,30,0.82399999999999995,0,0,0.88164142714103555,0.88164142650874389,7.1717551147005758e-10
sphere,30,0.84199999999999997,0,0,0.89738585584820618,0.89738585518147451,7.429709316368258e-10
sphere,30,0.85999999999999999,0,0,0.91376802523729028,0.91376802453366379,7.7002748578100547e-10
sphere,30,0.878,0,0,0.93083085965270962,0.93083085890954986,7.9838325778164856e-10
sphere,30,0.89600000000000002,0,0,0.94862145536149833,0.94862145457547442,8.2859603624179417e-10
sphere,30,0.91399999999999992,0,0,0.967191620427587,0.96719161959533739,8.6048051226657342e-10
sphere,30,0.93199999999999994,0,0,0.98659850294315465,0.98659850206055166,8.9459195135810216e-10
sphere,30,0.94999999999999996,0,0,1.0069053252868909,1.0069053243503856,9.300827870776143e-10
sphere,30,0.96799999999999997,0,0,1.0281822462939971,1.0281822452985918,9.6812148767656565e-10
sphere,30,0.98599999999999999,0,0,1.0505073786160768,1.0505073775565137,1.0086204403688349e-09
sphere,30,1.004,0,0,1.0739679955018693,1.0739679943717448,1.0522888594056378e-09
sphere,30,1.022,0,0,1.0986619702640807,1.0986619690580459,1.0977305346048121e-09
sphere,30,1.0399999999999998,0,0,1.124699503535906,1.1246995022455224,1.1473139721230496e-09
sphere,30,1.0580000000000001,0,0,1.1522052090735451,1.1522052076898146,1.20094102598398e-09
sphere,30,1.0760000000000001,0,0,1.1813206497568152,1.1813206482694258,1.2590903484311615e-09
sphere,30,1.0939999999999999,0,0,1.2122074436238386,1.2122074420242657,1.3195536207408691e-09
sphere,30,1.1119999999999999,0,0,1.2450510982122884,1.2450510964844115,1.3877960395509431e-09
sphere,30,1.1299999999999999,0,0,1.2800657845268293,1.2800657826566129,1.4610314652347262e-09
sphere,30,1.1479999999999999,0,0,1.3175003361123658,1.3175003340817899,1.5412336975024896e-09
sphere,30,1.1659999999999999,0,0,1.3576458638450324,1.3576458616338429,1.6286938594007297e-09
sphere,30,1.1839999999999999,0,0,1.4008455283718921,1.4008455259545687,1.7256174180677687e-09
sphere,30,1.202,0,0,1.447507233565509,1.4475072309118397,1.833268482237888e-09
sphere,30,1.22,0,0,1.4981203343414353,1.4981203314148226,1.953523247749588e-09
sphere,30,1.238,0,0,1.5532779538647492,1.5532779506193226,2.0894048780572369e-09
sphere,30,1.256,0,0,1.6137072849733523,1.6137072813580395,2.2403769676377169e-09
sphere,30,1.274,0,0,1.6803114930442402,1.6803114889847934,2.4158894837926047e-09
sphere,30,1.292,0,0,1.7542288724676027,1.7542288678818447,2.6141161354109168e-09
sphere,30,1.3100000000000001,0,0,1.8369183476958726,1.8369183424655791,2.8473196230400083e-09
sphere,30,1.3279999999999998,0,0,1.9302864314189752,1.930286425393765,3.1214073213296229e-09
sphere,30,1.3459999999999999,0,0,2.0368817368621484,2.0368817298347,3.4501013206195715e-09
sphere,30,1.3639999999999999,0,0,2.160204155212873,2.1602041468937552,3.8510795077005582e-09
sphere,30,1.3819999999999999,0,0,2.3052183306870289,2.3052183206593475,4.3499920375349308e-09
sphere,30,1.3999999999999999,0,0,2.4792530964263491,2.4792530840650899,4.9858802199922529e-09
sphere,30,1.4179999999999999,0,0,2.6936848297121516,2.6936848139942247,5.8351025648856977e-09
sphere,30,1.4359999999999999,0,0,2.9673665839296413,2.967366563095295,7.021156880174911e-09
sphere,30,1.454,0,0,3.3344481796159617,3.3344481503311378,8.782509798172294e-09
sphere,30,1.472,0,0,3.8652882746411694,3.8652882294741842,1.1685282544079331e-08
sphere,30,1.49,0,0,4.7380034121005501,4.7380033297552417,1.7379748565772577e-08
sphere,30,1.508,0,0,6.6254405507453642,6.6254403280958147,3.3605244471076018e-08
sphere,30,1.526,0,0,24.717057800332466,24.717046359870061,4.6285696695421539e-07
sphere,30,1.544,1,1,7.2766140238437833,7.2766143124412084,3.9660949946143571e-08
sphere,30,1.5619999999999998,1,1,5.0775279879285939,5.0775280847667981,1.9071919429958425e-08
sphere,30,1.5799999999999998,1,1,4.1498263702740452,4.1498264225249057,1.2591095665231828e-08
sphere,30,1.5979999999999999,1,1,3.6101337120795423,3.610133746045745,9.4085717831438881e-09
sphere,30,1.6159999999999999,1,1,3.248427095576603,3.2484271199665695,7.5082389149135951e-09
sphere,30,1.6339999999999999,1,1,2.9856271719535519,2.985627190644486,6.2603039849224078e-09
sphere,30,1.6519999999999999,1,1,2.7844511713403732,2.7844511862964025,5.3712664526039326e-09
sphere,30,1.6699999999999999,1,1,2.6247310988023034,2.6247311111453007,4.7025758924033317e-09
sphere,30,1.6879999999999999,1,1,2.4944851815490967,2.4944851919780122,4.1807887658735753e-09
sphere,30,1.706,1,1,2.3860920334041698,2.3860920423932508,3.767281923053041e-09
sphere,30,1.724,1,1,2.2944448089053582,2.2944448167626947,3.424504409737284e-09
sphere,30,1.742,1,1,2.2159783436680085,2.2159783506261945,3.1400064053235544e-09
sphere,30,1.76,1,1,2.1481199584068751,2.1481199646300899,2.8970518230576639e-09
sphere,30,1.7779999999999998,1,1,2.0889618948727087,2.0889619004951232,2.6914873525926456e-09
sphere,30,1.7959999999999998,1,1,2.037056925394519,2.0370569305123811,2.5123805346886864e-09
sphere,30,1.8139999999999998,1,1,1.9912859196616954,1.9912859243458632,2.3523330673899334e-09
sphere,30,1.8319999999999999,1,1,1.9507692483521082,1.950769252663219,2.2099542350841033e-09
sphere,30,1.8499999999999999,1,1,1.9148058649327719,1.9148058689255547,2.0852154488462582e-09
sphere,30,1.8679999999999999,1,1,1.8828304118680013,1.8828304155803803,1.9717010765993769e-09
sphere,30,1.8859999999999999,1,1,1.8543823861552049,1.8543823896182816,1.8675094310060973e-09
sphere,30,1.9039999999999999,1,1,1.8290835682727269,1.8290835715186651,1.7746254952935656e-09
sphere,30,1.9219999999999999,1,1,1.8066212355734883,1.8066212386232028,1.6880762014246183e-09
sphere,30,1.9399999999999999,1,1,1.7867355036230737,1.7867355064982269,1.6091655383971499e-09
sphere,30,1.958,1,1,1.7692096657624343,1.7692096684749816,1.5331971890446167e-09
sphere,30,1.976,1,1,1.7538627463424687,1.7538627489100747,1.4639718803568506e-09
sphere,30,1.994,1,1,1.7405437139827422,1.740543716419457,1.3999733770019017e-09
sphere,30,2.0119999999999996,1,1,1.7291269586584066,1.7291269609733524,1.3387945964930291e-09
sphere,30,2.0299999999999998,1,1,1.7195087457332596,1.7195087479374205,1.281855088700649e-09
sphere,30,2.0479999999999996,1,1,1.7116044372799561,1.71160443937369,1.2232580313722483e-09
sphere,30,2.0659999999999998,1,1,1.7053463265420012,1.7053463285401256,1.1716824589789827e-09
sphere,30,2.0839999999999996,1,1,1.7006819720443453,1.7006819739521342,1.1217786975565261e-09
sphere,30,2.1019999999999999,1,1,1.6975729482580906,1.6975729500857564,1.0766346963356431e-09
sphere,30,2.1199999999999997,1,1,1.6959939530377468,1.6959939547798166,1.0271674491370061e-09
sphere,30,2.1379999999999995,1,1,1.6959322305110338,1.6959322321785759,9.8325978227137823e-10
sphere,30,2.1559999999999997,1,1,1.6973872833420416,1.6973872849324518,9.3697542112204411e-10
sphere,30,2.1739999999999995,1,1,1.7003708615563631,1.7003708630751586,8.9321416289210878e-10
sphere,30,2.1919999999999997,1,1,1.7049072274332577,1.7049072288803186,8.4876216558396728e-10
cylinder,0,0.050000000000000003,0,0,0.50015632328035542,0.50015632328035531,4.7088051843053941e-16
cylinder,0,0.068000000000000005,0,0,0.50028925080462017,0.50028925080462017,2.0194681396515349e-15
cylinder,0,0.085999999999999993,0,0,0.50046289201450123,0.50046289201450112,7.278769599444466e-16
cylinder,0,0.104,0,0,0.50067737402448453,0.50067737402448453,1.698407684508003e-15
cylinder,0,0.122,0,0,0.5009328541715441,0.5009328541715441,1.0487303142636732e-15
cylinder,0,0.14000000000000001,0,0,0.501229520336821,0.501229520336821,2.1906387631693148e-15
cylinder,0,0.15799999999999997,0,0,0.50156759133119133,0.50156759133119144,1.3999443063132259e-15
cylinder,0,0.17599999999999999,0,0,0.50194731734627773,0.50194731734627773,2.5912437576434342e-15
cylinder,0,0.19400000000000001,0,0,0.50236898047274015,0.50236898047274015,1.7260458657505131e-15
cylinder,0,0.21199999999999997,0,0,0.50283289528796571,0.5028328952879656,1.1525766093423869e-15
cylinder,0,0.22999999999999998,0,0,0.50333940951558021,0.50333940951558021,1.4847669999741877e-15
cylinder,0,0.248,0,0,0.5038889047595233,0.50388890475952341,2.159495863993933e-15
cylinder,0,0.26599999999999996,0,0,0.50448179731576448,0.50448179731576448,3.7260475750608325e-15
cylinder,0,0.28399999999999997,0,0,0.50511853906509951,0.5051185390650994,1.080355757338043e-15
cylinder,0,0.30199999999999999,0,0,0.5057996184508492,0.5057996184508492,2.6087109471274407e-15
cylinder,0,0.31999999999999995,0,0,0.50652556154569239,0.50652556154569228,3.5018032261838602e-15
cylinder,0,0.33799999999999997,0,0,0.50729693321230873,0.50729693321230884,2.5191610456183722e-15
cylinder,0,0.35599999999999998,0,0,0.50811433836298414,0.50811433836298414,3.248216112559877e-15
cylinder,0,0.37399999999999994,0,0,0.50897842332384302,0.50897842332384302,1.9418268112292051e-15
cylinder,0,0.39199999999999996,0,0,0.50988987730993884,0.50988987730993884,2.7282468715700528e-15
cylinder,0,0.40999999999999998,0,0,0.51084943401802896,0.51084943401802907,1.5300087537580533e-15
cylinder,0,0.42799999999999994,0,0,0.51185787334453425,0.51185787334453425,2.3716922560498458e-15
cylinder,0,0.44599999999999995,0,0,0.51291602323689356,0.51291602323689345,3.6801018693716535e-16
cylinder,0,0.46399999999999997,0,0,0.51402476168731948,0.51402476168731948,1.6609981331312973e-15
cylinder,0,0.48199999999999993,0,0,0.51518501887882373,0.51518501887882373,9.4088583981065026e-16
cylinder,0,0.49999999999999994,0,0,0.5163977794943222,0.5163977794943222,2.308055940867789e-15
cylinder,0,0.51800000000000002,0,0,0.51766408520068297,0.51766408520068286,1.5165166983480194e-15
cylinder,0,0.53600000000000003,0,0,0.51898503732071399,0.51898503732071399,4.7834407058505559e-16
cylinder,0,0.55400000000000005,0,0,0.52036179970736496,0.52036179970736496,1.0667799070276786e-15
cylinder,0,0.57199999999999995,0,0,0.52179560183580098,0.52179560183580109,2.1931800413884618e-16
cylinder,0,0.58999999999999997,0,0,0.52328774213056406,0.52328774213056395,4.3457826372018509e-15
cylinder,0,0.60799999999999998,0,0,0.52483959154673787,0.52483959154673809,6.3680673913994113e-16
cylinder,0,0.626,0,0,0.52645259742594275,0.52645259742594275,3.5257763535990397e-16
cylinder,0,0.64400000000000002,0,0,0.52812828765008357,0.52812828765008357,9.7226026497059156e-16
cylinder,0,0.66200000000000003,0,0,0.52986827511814039,0.52986827511814039,1.0476405898971959e-16
cylinder,0,0.68000000000000005,0,0,0.53167426257389183,0.53167426257389183,1.261569046294073e-15
cylinder,0,0.69799999999999995,0,0,0.53354804781539955,0.53354804781539955,3.7512704421624025e-16
cylinder,0,0.71599999999999997,0,0,0.53549152932034227,0.53549152932034239,1.7002147080781982e-15
cylinder,0,0.73399999999999999,0,0,0.5375067123249524,0.5375067123249524,7.3026644257726408e-16
cylinder,0,0.752,0,0,0.53959571539841455,0.53959571539841455,3.4966304092812259e-15
cylinder,0,0.77000000000000002,0,0,0.54176077755920338,0.54176077755920338,1.7030359578636656e-15
cylinder,0,0.78800000000000003,0,0,0.54400426598502749,0.54400426598502749,3.316357109349458e-16
cylinder,0,0.80599999999999994,0,0,0.54632868437390847,0.54632868437390858,6.8349528447463542e-15
cylinder,0,0.82399999999999995,0,0,0.5487366820205376,0.54873668202053749,1.3055841124849222e-15
cylinder,0,0.84199999999999997,0,0,0.55123106367953789,0.55123106367953789,6.4609655071115966e-15
cylinder,0,0.85999999999999999,0,0,0.55381480029575092,0.55381480029575092,8.9652141904533351e-16
cylinder,0,0.878,0,0,0.55649104069129796,0.55649104069129807,2.6107623624789613e-15
cylinder,0,0.89600000000000002,0,0,0.55926312431014757,0.55926312431014757,2.9611407636790324e-15
cylinder,0,0.91399999999999992,0,0,0.56213459513342146,0.56213459513342134,4.1357541575768262e-15
cylinder,0,0.93199999999999994,0,0,0.56510921689297178,0.56510921689297178,3.4031704440051813e-15
cylinder,0,0.94999999999999996,0,0,0.568190989727136,0.56819098972713611,1.7208451285806839e-15
cylinder,0,0.96799999999999997,0,0,0.57138416844135875,0.57138416844135875,3.6483801594785459e-15
cylinder,0,0.98599999999999999,0,0,0.57469328255799301,0.57469328255799301,3.46273645829585e-15
cylinder,0,1.004,0,0,0.57812315836451278,0.57812315836451278,1.4906249591219531e-15
cylinder,0,1.022,0,0,0.58167894319817548,0.58167894319817559,1.0722908125290214e-15
cylinder,0,1.0399999999999998,0,0,0.5853661322385586,0.58536613223855871,1.2758274145953427e-15
cylinder,0,1.0580000000000001,0,0,0.58919059811817642,0.58919059811817642,1.0015292737286316e-15
cylinder,0,1.0760000000000001,0,0,0.5931586237065638,0.59315862370656391,7.1272728023540886e-16
cylinder,0,1.0939999999999999,0,0,0.59727693847599816,0.59727693847599828,1.4517752921095223e-15
cylinder,0,1.1119999999999999,0,0,0.60155275891886151,0.60155275891886162,4.1525897244592921e-16
cylinder,0,1.1299999999999999,0,0,0.60599383355932257,0.60599383355932257,1.431625137448345e-15
cylinder,0,1.1479999999999999,0,0,0.61060849318767296,0.61060849318767285,5.6879044441002615e-15
cylinder,0,1.1659999999999999,0,0,0.61540570704696873,0.61540570704696873,2.1057992460867862e-15
cylinder,0,1.1839999999999999,0,0,0.6203951458218433,0.6203951458218433,2.7349122488357854e-15
cylinder,0,1.202,0,0,0.62558725242252722,0.62558725242252722,2.6202974009636812e-15
cylinder,0,1.22,0,0,0.6309933217282222,0.63099332172822209,1.0297119549235102e-15
cylinder,0,1.238,0,0,0.6366255906592887,0.6366255906592887,2.7157013561134023e-15
cylinder,0,1.256,0,0,0.64249734019501648,0.6424973401950167,2.3959186599813485e-15
cylinder,0,1.274,0,0,0.64862301125291955,0.64862301125291943,2.3043947934921905e-15
cylinder,0,1.292,0,0,0.65501833670897502,0.65501833670897491,4.5043901731503229e-16
cylinder,0,1.3100000000000001,0,0,0.66170049228185901,0.66170049228185901,1.6862014520664353e-15
cylinder,0,1.3279999999999998,0,0,0.6686882695483013,0.66868826954830141,2.0446655262097495e-16
cylinder,0,1.3459999999999999,0,0,0.67600227502729238,0.6760022750272926,2.1822841934859295e-15
cylinder,0,1.3639999999999999,0,0,0.6836651601018483,0.68366516010184841,5.5219523418849243e-16
cylinder,0,1.3819999999999999,0,0,0.69170188758244755,0.69170188758244744,4.0126499744907205e-16
cylinder,0,1.3999999999999999,0,0,0.70014004201400493,0.70014004201400493,8.9701623359080394e-16
cylinder,0,1.4179999999999999,0,0,0.70901019246488128,0.70901019246488139,2.7268305822165627e-15
cylinder,0,1.4359999999999999,0,0,0.7183463186139819,0.71834631861398202,7.6108336706664322e-16
cylinder,0,1.454,0,0,0.72818631360756247,0.72818631360756236,8.8901108523549532e-16
cylinder,0,1.472,0,0,0.73857258057673614,0.73857258057673625,4.5096029306620332e-16
cylinder,0,1.49,0,0,0.74955274414394735,0.74955274414394768,2.0580550823588616e-15
cylinder,0,1.508,0,0,0.76118050405279813,0.76118050405279813,3.6463855114323437e-17
cylinder,0,1.526,0,0,0.77351666572024735,0.77351666572024713,7.2482294471787801e-15
cylinder,0,1.544,0,0,0.78663039272420388,0.78663039272420388,2.8227310688576606e-16
cylinder,0,1.5619999999999998,0,0,0.80060073998913694,0.80060073998913683,3.2940487827153718e-15
cylinder,0,1.5799999999999998,0,0,0.8155185451433532,0.81551854514335353,1.4725475219388445e-15
cylinder,0,1.5979999999999999,0,0,0.83148878128356252,0.83148878128356241,2.9283728658018552e-15
cylinder,0,1.6159999999999999,0,0,0.84863351030245082,0.84863351030245049,2.6368579822618421e-15
cylinder,0,1.6339999999999999,0,0,0.86709562670756513,0.8670956267075649,6.136542291181285e-15
cylinder,0,1.6519999999999999,0,0,0.88704365469941659,0.88704365469941693,6.7400673333352106e-16
cylinder,0,1.6699999999999999,0,0,0.90867796748019147,0.90867796748019125,2.1065539086667458e-15
cylinder,0,1.6879999999999999,0,0,0.93223895538491064,0.9322389553849102,2.3699497828882705e-15
cylinder,0,1.706,0,0,0.95801790796693576,0.95801790796693576,1.5762404441482845e-15
cylinder,0,1.724,0,0,0.98637174404661998,0.98637174404662065,7.2071163847099728e-16
cylinder,0,1.742,0,0,1.0177433080138452,1.0177433080138454,1.313578330538608e-15
cylinder,0,1.76,0,0,1.0526899013331492,1.0526899013331483,1.7393790109414399e-15
cylinder,0,1.7779999999999998,0,0,1.091924312491378,1.0919243124913773,3.2424864529739727e-15
cylinder,0,1.7959999999999998,0,0,1.1363753758393136,1.136375375839314,2.5793174983607036e-15
cylinder,0,1.8139999999999998,0,0,1.1872800860064803,1.1872800860064807,6.3519578377051653e-15
cylinder,0,1.8319999999999999,0,0,1.2463287373733076,1.2463287373733085,8.3830596164381341e-16
cylinder,0,1.8499999999999999,0,0,1.3159033899195385,1.3159033899195374,5.09266324452019e-15
cylinder,0,1.8679999999999999,0,0,1.3994900068065466,1.3994900068065461,3.2324154401271453e-15
cylinder,0,1.8859999999999999,0,0,1.5024366745489444,1.5024366745489461,5.3420647030431089e-15
cylinder,0,1.9039999999999999,0,0,1.6334636671541141,1.6334636671541134,2.8023682990742355e-16
cylinder,0,1.9219999999999999,0,0,1.8080019893239891,1.8080019893239874,8.8561098187362672e-16
cylinder,0,1.9399999999999999,0,0,2.0567251744743169,2.056725174474316,4.1673223553277327e-15
cylinder,0,1.958,0,0,2.4526606300353153,2.4526606300353246,4.7111517735872532e-15
cylinder,0,1.976,0,0,3.2372123702729403,3.237212370272939,8.1262600090157229e-15
cylinder,0,1.994,0,0,6.4598189260616614,6.4598189260616117,7.803926185572506e-15
cylinder,0,2.0119999999999996,1,1,4.5575234801936606,4.5575234801936775,3.7379256817921417e-15
cylinder,0,2.0299999999999998,1,1,2.8759865427152422,2.8759865427152578,5.5374496718346429e-15
cylinder,0,2.0479999999999996,1,1,2.2686062770019815,2.2686062770019664,8.2205475867143938e-15
cylinder,0,2.0659999999999998,1,1,1.9303868261191335,1.9303868261191393,3.7941135831101943e-15
cylinder,0,2.0839999999999996,1,1,1.7073300737109778,1.707330073710978,3.6807726501026596e-15
cylinder,0,2.1019999999999999,1,1,1.5459736453440494,1.5459736453440449,2.8300484560397335e-15
cylinder,0,2.1199999999999997,1,1,1.4222003099714353,1.4222003099714362,1.7455587204148017e-15
cylinder,0,2.1379999999999995,1,1,1.323321028004754,1.3233210280047514,2.3550933433189248e-15
cylinder,0,2.1559999999999997,1,1,1.2419380452900575,1.2419380452900586,3.1491706063228595e-15
cylinder,0,2.1739999999999995,1,1,1.1734082936752828,1.1734082936752841,3.2697059777726252e-15
cylinder,0,2.1919999999999997,1,1,1.114650585947536,1.1146505859475337,2.0755891639743637e-15
cylinder,15,0.050000000000000003,0,0,0.50060933813319541,0.50060933806422347,1.3777598865671035e-10
cylinder,15,0.068000000000000005,0,0,0.50091157154119703,0.50091157147171606,1.3870904335277545e-10
cylinder,15,0.085999999999999993,0,0,0.50125803276872338,0.50125803269871427,1.39666860479742e-10
cylinder,15,0.104,0,0,0.5016489959251228,0.50164899585456912,1.4064346971289385e-10
cylinder,15,0.122,0,0,0.50208477154134001,0.502084771470238,1.4161363579527856e-10
cylinder,15,0.14000000000000001,0,0,0.50256570726158289,0.5025657071899009,1.4263202438373998e-10
cylinder,15,0.15799999999999997,0,0,0.50309218862270633,0.50309218855042181,1.4368038609297801e-10
cylinder,15,0.17599999999999999,0,0,0.50366463992477628,0.50366463985188026,1.4473137792328578e-10
cylinder,15,0.19400000000000001,0,0,0.50428352519672137,0.50428352512319374,1.4580609118909939e-10
cylinder,15,0.21199999999999997,0,0,0.50494934926144708,0.5049493491872582,1.4692336611809734e-10
cylinder,15,0.22999999999999998,0,0,0.50566265890529527,0.50566265883042438,1.4806487846559941e-10
cylinder,15,0.248,0,0,0.50642404415727293,0.5064240440817076,1.4921349015397138e-10
cylinder,15,0.26599999999999996,0,0,0.50723413968405628,0.50723413960779606,1.5034515019394669e-10
cylinder,15,0.28399999999999997,0,0,0.50809362630740973,0.50809362623040921,1.5154772616646612e-10
cylinder,15,0.30199999999999999,0,0,0.50900323265134817,0.50900323257358659,1.5277226462363095e-10
cylinder,15,0.31999999999999995,0,0,0.50996373692711039,0.50996373684856022,1.5403085026083791e-10
cylinder,15,0.33799999999999997,0,0,0.51097596886482888,0.5109759687854496,1.5534845003305986e-10
cylinder,15,0.35599999999999998,0,0,0.51204081180166916,0.51204081172144889,1.5666778553517422e-10
cylinder,15,0.37399999999999994,0,0,0.51315920493718192,0.51315920485607336,1.5805722582333116e-10
cylinder,15,0.39199999999999996,0,0,0.51433214576768471,0.51433214568567687,1.5944523180452294e-10
cylinder,15,0.40999999999999998,0,0,0.51556069271265492,0.51556069262972315,1.6085744291966236e-10
cylinder,15,0.42799999999999994,0,0,0.51684596794742144,0.51684596786353298,1.6230828121962735e-10
cylinder,15,0.44599999999999995,0,0,0.51818916045785557,0.51818916037298124,1.6379040344556442e-10
cylinder,15,0.46399999999999997,0,0,0.51959152933435215,0.51959152924847685,1.6527469531850462e-10
cylinder,15,0.48199999999999993,0,0,0.52105440732413222,0.52105440723717789,1.6688148556686066e-10
cylinder,15,0.49999999999999994,0,0,0.52257920466283736,0.52257920457478746,1.684910495497976e-10
cylinder,15,0.51800000000000002,0,0,0.52416741320854343,0.52416741311936133,1.701404914080728e-10
cylinder,15,0.53600000000000003,0,0,0.5258206109037119,0.52582061081336129,1.7182772754196634e-10
cylinder,15,0.55400000000000005,0,0,0.5275404665932778,0.52754046650171005,1.7357483322719913e-10
cylinder,15,0.57199999999999995,0,0,0.52932874523004525,0.52932874513716555,1.7546698617541509e-10
cylinder,15,0.58999999999999997,0,0,0.53118731350190895,0.5311873134077848,1.7719570602685841e-10
cylinder,15,0.60799999999999998,0,0,0.53311814591914941,0.53311814582361405,1.7920110946091318e-10
cylinder,15,0.626,0,0,0.53512333140425095,0.53512333130737166,1.8104107083787757e-10
cylinder,15,0.64400000000000002,0,0,0.53720508043139881,0.53720508033300729,1.8315428868099311e-10
cylinder,15,0.66200000000000003,0,0,0.53936573276812727,0.53936573266823418,1.85204744910751e-10
cylinder,15,0.68000000000000005,0,0,0.54160776587757375,0.54160776577610903,1.8733977085657383e-10
cylinder,15,0.69799999999999995,0,0,0.54393380404656488,0.5439338039434134,1.8963973268965427e-10
cylinder,15,0.71599999999999997,0,0,0.54634662831241687,0.54634662820763924,1.9177873359566984e-10
cylinder,15,0.73399999999999999,0,0,0.54884918727002785,0.54884918716342479,1.9423009053213808e-10
cylinder,15,0.752,0,0,0.55144460885070934,0.55144460874233459,1.9652870386649041e-10
cylinder,15,0.77000000000000002,0,0,0.5541362131754537,0.55413621306516714,1.9902430577166914e-10
cylinder,15,0.78800000000000003,0,0,0.55692752659816736,0.55692752648596755,2.0146211845936453e-10
cylinder,15,0.80599999999999994,0,0,0.55982229706906605,0.55982229695472585,2.042437594161688e-10
cylinder,15,0.82399999999999995,0,0,0.56282451096525155,0.56282451084881824,2.0687319138904289e-10
cylinder,15,0.84199999999999997,0,0,0.56593841155479707,0.5659384114360414,2.0983853081602074e-10
cylinder,15,0.85999999999999999,0,0,0.56916851928290213,0.56916851916172562,2.1290091384676749e-10
cylinder,15,0.878,0,0,0.57251965409433092,0.57251965397075832,2.1584002012729804e-10
cylinder,15,0.89600000000000002,0,0,0.57599696003602752,0.57599695990980571,2.1913634016156914e-10
cylinder,15,0.91399999999999992,0,0,0.57960593241821634,0.57960593228944912,2.2216339703472504e-10
cylinder,15,0.93199999999999994,0,0,0.58335244785231832,0.5833524477206623,2.2568870137233867e-10
cylinder,15,0.94999999999999996,0,0,0.58724279753067565,0.58724279739613316,2.2910891146188837e-10
cylinder,15,0.96799999999999997,0,0,0.59128372416763808,0.59128372402990803,2.3293397773965017e-10
cylinder,15,0.98599999999999999,0,0,0.59548246308555597,0.59548246294455542,2.3678377172233099e-10
cylinder,15,1.004,0,0,0.59984678800448643,0.59984678786014023,2.4063842092699293e-10
cylinder,15,1.022,0,0,0.60438506218324572,0.60438506203529596,2.4479386987658306e-10
cylinder,15,1.0399999999999998,0,0,0.60910629566459051,0.60910629551275819,2.4927060343545856e-10
cylinder,15,1.0580000000000001,0,0,0.61402020950223812,0.61402020934637025,2.5384807510947623e-10
cylinder,15,1.0760000000000001,0,0,0.61913730799638012,0.61913730783608345,2.5890317898499087e-10
cylinder,15,1.0939999999999999,0,0,0.62446896014258046,0.62446895997797458,2.6359328317344047e-10
cylinder,15,1.1119999999999999,0,0,0.63002749171306272,0.63002749154373239,2.6876660744016933e-10
cylinder,15,1.1299999999999999,0,0,0.63582628964768817,0.63582628947334952,2.7419225479055133e-10
cylinder,15,1.1479999999999999,0,0,0.64187992074477929,0.6418799205648209,2.8036137372828278e-10
cylinder,15,1.1659999999999999,0,0,0.64820426702262557,0.64820426683702104,2.8633652250948878e-10
cylinder,15,1.1839999999999999,0,0,0.65481668058783515,0.65481668039640661,2.9233904296475734e-10
cylinder,15,1.202,0,0,0.66173616141829317,0.66173616122042422,2.9901482746091477e-10
cylinder,15,1.22,0,0,0.6689835621742144,0.66898356196916864,3.065034589281578e-10
cylinder,15,1.238,0,0,0.67658182502679509,0.67658182481439133,3.1393646428525285e-10
cylinder,15,1.256,0,0,0.68455625658756314,0.68455625636752837,3.2142682215642278e-10
cylinder,15,1.274,0,0,0.69293484839487574,0.6929348481660379,3.3024446224042691e-10
cylinder,15,1.292,0,0,0.70174865214959481,0.70174865191159841,3.3914749760003047e-10
cylinder,15,1.3100000000000001,0,0,0.71103222109996156,0.71103222085203277,3.4868849652498933e-10
cylinder,15,1.3279999999999998,0,0,0.72082413180454585,0.72082413154596303,3.5873209521493966e-10
cylinder,15,1.3459999999999999,0,0,0.73116760415362825,0.73116760388333391,3.6967490943900831e-10
cylinder,15,1.3639999999999999,0,0,0.74211124228030334,0.7421112419974214,3.8118531774275557e-10
cylinder,15,1.3819999999999999,0,0,0.75370992522649172,0.75370992492975875,3.9369646697244729e-10
cylinder,15,1.3999999999999999,0,0,0.76602588448294529,0.76602588417113193,4.0705325878633765e-10
cylinder,15,1.4179999999999999,0,0,0.77913001655673764,0.77913001622825762,4.2159843830389759e-10
cylinder,15,1.4359999999999999,0,0,0.79310349362457611,0.79310349327780694,4.3723059571912783e-10
cylinder,15,1.454,0,0,0.80803975568818065,0.8080397553210813,4.543085273449782e-10
cylinder,15,1.472,0,0,0.82404699578874985,0.82404699539906479,4.7289183920760268e-10
cylinder,15,1.49,0,0,0.84125128924316306,0.84125128882762368,4.9395396131399046e-10
cylinder,15,1.508,0,0,0.8598005738237896,0.85980057338040627,5.1568158526558045e-10
cylinder,15,1.526,0,0,0.87986976849250564,0.87986976801700068,5.4042663489242202e-10
cylinder,15,1.544,0,0,0.90166743660167559,0.90166743608870525,5.6891296640193034e-10
cylinder,15,1.5619999999999998,0,0,0.92544457612423825,0.92544457556941606,5.9951954651069149e-10
cylinder,15,1.5799999999999998,0,0,0.95150638861671399,0.95150638801315002,6.3432463012720279e-10
cylinder,15,1.5979999999999999,0,0,0.9802282979348047,0.98022829727552896,6.7257368491748549e-10
cylinder,15,1.6159999999999999,0,0,1.0120781594508412,1.0120781587236802,7.1848298126004973e-10
cylinder,15,1.6339999999999999,0,0,1.047647700457085,1.0476476996502397,7.7014940305412462e-10
cylinder,15,1.6519999999999999,0,0,1.0876980967375771,1.0876980958342422,8.3050150493307505e-10
cylinder,15,1.6699999999999999,0,0,1.1332278656078068,1.1332278645872744,9.0055339717014513e-10
cylinder,15,1.6879999999999999,0,0,1.1855772526785131,1.1855772515076608,9.8757988317768453e-10
cylinder,15,1.706,0,0,1.2465948107283287,1.2465948093669903,1.0920455216153802e-09
cylinder,15,1.724,0,0,1.3189152960720629,1.3189152944594047,1.2227155918143767e-09
cylinder,15,1.742,0,0,1.4064490051173195,1.4064490031606196,1.3912342174773553e-09
cylinder,15,1.76,0,0,1.5153033713315511,1.5153033688845945,1.6148296520753517e-09
cylinder,15,1.7779999999999998,0,0,1.6556750783660243,1.6556750751777134,1.9256864734248801e-09
cylinder,15,1.7959999999999998,0,0,1.8462094773475861,1.8462094729272538,2.3942745258713562e-09
cylinder,15,1.8139999999999998,0,0,2.1258284425339156,2.1258284357743129,3.1797497835625103e-09
cylinder,15,1.8319999999999999,0,0,2.5951483202615391,2.595148307982178,4.73166059020537e-09
cylinder,15,1.8499999999999999,0,0,3.6517074500771556,3.6517074158680689,9.3679702282257835e-09
cylinder,15,1.8679999999999999,0,0,35.2392654637788,35.239234728873924,8.7217779572371333e-07
cylinder,15,1.8859999999999999,1,1,3.6742371893365506,3.6742372242276322,9.4961429879595577e-09
cylinder,15,1.9039999999999999,1,1,2.5850329522616491,2.5850329644101038,4.6995358165740649e-09
cylinder,15,1.9219999999999999,1,1,2.1039179092055127,2.1039179157435766,3.1075659786494723e-09
cylinder,15,1.9399999999999999,1,1,1.8170588169035486,1.8170588211276615,2.3246978641955217e-09
cylinder,15,1.958,1,1,1.6210880614505387,1.6210880644396666,1.8439021529054757e-09
cylinder,15,1.976,1,1,1.4762242500481313,1.4762242523084204,1.5311283997125229e-09
cylinder,15,1.994,1,1,1.3634591996644911,1.3634592014444062,1.3054408068152985e-09
cylinder,15,2.0119999999999996,1,1,1.2724120903243377,1.27241209177075,1.1367483106862269e-09
cylinder,15,2.0299999999999998,1,1,1.1968696092677733,1.1968696104725216,1.006582666568489e-09
cylinder,15,2.0479999999999996,1,1,1.1328548509760499,1.1328548519954929,8.9988846592162589e-10
cylinder,15,2.0659999999999998,1,1,1.0776882339005747,1.0776882347750554,8.1144121206268421e-10
cylinder,15,2.0839999999999996,1,1,1.0294894290789363,1.0294894298444976,7.4363212597703058e-10
cylinder,15,2.1019999999999999,1,1,0.98689472001486545,0.9868947206843568,6.7838176907405383e-10
cylinder,15,2.1199999999999997,1,1,0.94888766951267289,0.94888767010925368,6.2871600724211644e-10
cylinder,15,2.1379999999999995,1,1,0.91469304400194984,0.91469304453596223,5.838158689808938e-10
cylinder,15,2.1559999999999997,1,1,0.88370783679651221,0.8837078372761844,5.4279501139539561e-10
cylinder,15,2.1739999999999995,1,1,0.85545496904789842,0.85545496948547661,5.1151509194219615e-10
cylinder,15,2.1919999999999997,1,1,0.82955135171784,0.82955135211525566,4.7907292365207267e-10
cylinder,30,0.050000000000000003,0,0,0.50215216679294206,0.50215216646920957,6.4469006490383586e-10
cylinder,30,0.068000000000000005,0,0,0.50303575129302325,0.50303575096596731,6.5016441196545678e-10
cylinder,30,0.085999999999999993,0,0,0.50397831442453978,0.50397831409405158,6.5575900227221614e-10
cylinder,30,0.104,0,0,0.50498081841055531,0.50498081807651074,6.6149938503269896e-10
cylinder,30,0.122,0,0,0.50604429711109056,0.50604429677335461,6.6740394095500697e-10
cylinder,30,0.14000000000000001,0,0,0.5071698591198438,0.5071698587782929,6.7344471977999967e-10
cylinder,30,0.15799999999999997,0,0,0.5083586911360487,0.50835869079052187,6.7969090474931532e-10
cylinder,30,0.17599999999999999,0,0,0.50961206163246142,0.50961206128283276,6.8606826744521663e-10
cylinder,30,0.19400000000000001,0,0,0.51093132484277792,0.51093132448891254,6.9258886724608332e-10
cylinder,30,0.21199999999999997,0,0,0.51231792509432394,0.51231792473604565,6.9932808146637867e-10
cylinder,30,0.22999999999999998,0,0,0.51377340151471407,0.51377340115186243,7.0624844668966262e-10
cylinder,30,0.248,0,0,0.51529939314433493,0.5152993927767604,7.1332221275884565e-10
cylinder,30,0.26599999999999996,0,0,0.51689764449006137,0.51689764411755834,7.2065137876793829e-10
cylinder,30,0.28399999999999997,0,0,0.51857001155957549,0.51857001118198764,7.2813280734669468e-10
cylinder,30,0.30199999999999999,0,0,0.52031846842012108,0.52031846803725301,7.3583403633076177e-10
cylinder,30,0.31999999999999995,0,0,0.52214511433052924,0.52214511394210117,7.4390817757073011e-10
cylinder,30,0.33799999999999997,0,0,0.5240521815009993,0.52405218110688645,7.5204889295652499e-10
cylinder,30,0.35599999999999998,0,0,0.52604204354149242,0.52604204314142156,7.6053026939403708e-10
cylinder,30,0.37399999999999994,0,0,0.528117224666801,0.52811722426053942,7.6926403282712854e-10
cylinder,30,0.39199999999999996,0,0,0.53028040973453361,0.53028040932182319,7.7828711100206526e-10
cylinder,30,0.40999999999999998,0,0,0.53253445520153009,0.53253445478211248,7.8758783274037318e-10
cylinder,30,0.42799999999999994,0,0,0.53488240109479157,0.53488240066834214,7.9727696413675357e-10
cylinder,30,0.44599999999999995,0,0,0.53732748410505105,0.53732748367140248,8.070471230616128e-10
cylinder,30,0.46399999999999997,0,0,0.53987315192488927,0.5398731514836328,8.1733362086818644e-10
cylinder,30,0.48199999999999993,0,0,0.54252307896906926,0.54252307851988857,8.279475829884622e-10
cylinder,30,0.49999999999999994,0,0,0.54528118363288003,0.54528118317542551,8.3893326327129083e-10
cylinder,30,0.51800000000000002,0,0,0.54815164726512644,0.54815164679902706,8.5031106448127341e-10
cylinder,30,0.53600000000000003,0,0,0.55113893505644551,0.55113893458129193,8.6213025856997142e-10
cylinder,30,0.55400000000000005,0,0,0.55424781907144671,0.55424781858683592,8.7435761394087421e-10
cylinder,30,0.57199999999999995,0,0,0.55748340368541371,0.5574834031909458,8.8696439118824207e-10
cylinder,30,0.58999999999999997,0,0,0.56085115372379568,0.56085115321895218,9.0013798391618792e-10
cylinder,30,0.60799999999999998,0,0,0.56435692564641238,0.56435692513055724,9.1405821406502571e-10
cylinder,30,0.626,0,0,0.56800700216938338,0.56800700164223639,9.2806411139983135e-10
cylinder,30,0.64400000000000002,0,0,0.571808130777684,0.57180813023851895,9.429123530937828e-10
cylinder,30,0.66200000000000003,0,0,0.57576756665167306,0.57576756609974744,9.585910546809113e-10
cylinder,30,0.68000000000000005,0,0,0.57989312061403275,0.57989312004896465,9.7443487840851023e-10
cylinder,30,0.69799999999999995,0,0,0.5841932128019327,0.58419321222286746,9.9122215576647362e-10
cylinder,30,0.71599999999999997,0,0,0.58867693288604861,0.58867693229217688,1.0088245838348653e-09
cylinder,30,0.73399999999999999,0,0,0.59335410779732689,0.59335410718772363,1.0273851904124417e-09
cylinder,30,0.752,0,0,0.59823537808898208,0.5982353774630278,1.0463344948005327e-09
cylinder,30,0.77000000000000002,0,0,0.60333228426130703,0.60333228361804392,1.0661839473205281e-09
cylinder,30,0.78800000000000003,0,0,0.60865736461816533,0.60865736395607828,1.0877828254874391e-09
cylinder,30,0.80599999999999994,0,0,0.61422426651623363,0.61422426583483591,1.1093631808504997e-09
cylinder,30,0.82399999999999995,0,0,0.62004787322348742,0.6200478725210028,1.1329521947787501e-09
cylinder,30,0.84199999999999997,0,0,0.62614444903775246,0.62614444831303451,1.1574293262192303e-09
cylinder,30,0.85999999999999999,0,0,0.6325318058494831,0.63253180510110829,1.1831418012248686e-09
cylinder,30,0.878,0,0,0.63922949499119286,0.63922949421764352,1.2101277356943263e-09
cylinder,30,0.89600000000000002,0,0,0.64625902903278432,0.6462590282321059,1.2389436234313926e-09
cylinder,30,0.91399999999999992,0,0,0.65364413920130426,0.65364413837156576,1.2694039861357922e-09
cylinder,30,0.93199999999999994,0,0,0.66141107538319655,0.66141107452199821,1.3020621557201531e-09
cylinder,30,0.94999999999999996,0,0,0.66958895728343681,0.66958895638881843,1.3360709465804424e-09
cylinder,30,0.96799999999999997,0,0,0.67821018737129368,0.67821018644038444,1.3725969644434657e-09
cylinder,30,0.98599999999999999,0,0,0.68731093887448425,0.68731093790430908,1.4115519759713356e-09
cylinder,30,1.004,0,0,0.69693173547920795,0.69693173446611689,1.453644714778504e-09
cylinder,30,1.022,0,0,0.70711814380927918,0.70711814275038543,1.4974778520357573e-09
cylinder,30,1.0399999999999998,0,0,0.71792160554831164,0.7179216044388228,1.5454176317762591e-09
cylinder,30,1.0580000000000001,0,0,0.72940044373134583,0.72940044256622627,1.5973660472669845e-09
cylinder,30,1.0760000000000001,0,0,0.74162108796915438,0.74162108674266125,1.6538001627453904e-09
cylinder,30,1.0939999999999999,0,0,0.75465957718626564,0.75465957589390276,1.712510974043704e-09
cylinder,30,1.1119999999999999,0,0,0.76860341731234083,0.7686034159450249,1.7789616754947276e-09
cylinder,30,1.1299999999999999,0,0,0.78355389741333781,0.78355389596347724,1.8503648563354846e-09
cylinder,30,1.1479999999999999,0,0,0.79962900418958738,0.79962900264734826,1.9286932575617209e-09
cylinder,30,1.1659999999999999,0,0,0.8169671264662498,0.81696712482068456,2.014236766025284e-09
cylinder,30,1.1839999999999999,0,0,0.83573181576725597,0.835731814004531,2.1091993429635339e-09
cylinder,30,1.202,0,0,0.85611797811479751,0.85611797621863095,2.2148426654436988e-09
cylinder,30,1.22,0,0,0.87836003482328306,0.87836003277403185,2.3330423877882416e-09
cylinder,30,1.238,0,0,0.90274283748270989,0.90274283525580634,2.4668194286986134e-09
cylinder,30,1.256,0,0,0.92961650720289901,0.92961650477136104,2.6156355767904582e-09
cylinder,30,1.274,0,0,0.95941698183089696,0.95941697915514212,2.7889383661245104e-09
cylinder,30,1.292,0,0,0.99269506067304747,0.99269505770995159,2.9849003926959063e-09
cylinder,30,1.3100000000000001,0,0,1.0301584371987349,1.0301584338859699,3.2157819623124904e-09
cylinder,30,1.3279999999999998,0,0,1.0727341908329819,1.0727341870918339,3.4874884526669228e-09
cylinder,30,1.3459999999999999,0,0,1.1216646500787033,1.1216646458009667,3.8137393261805963e-09
cylinder,30,1.3639999999999999,0,0,1.1786599560075646,1.1786599510428017,4.212209520973835e-09
cylinder,30,1.3819999999999999,0,0,1.2461517486512295,1.2461517427836644,4.7085477390202435e-09
cylinder,30,1.3999999999999999,0,0,1.327738085360034,1.327738078267533,5.3417922532360703e-09
cylinder,30,1.4179999999999999,0,0,1.4290171536361065,1.4290171447929225,6.1882979987537006e-09
cylinder,30,1.4359999999999999,0,0,1.5592876876852424,1.5592876761908594,7.3715601472780739e-09
cylinder,30,1.454,0,0,1.7354315052771749,1.7354314894326115,9.130042502735167e-09
cylinder,30,1.472,0,0,1.9923088842425398,1.9923088602753372,1.2029862897090402e-08
cylinder,30,1.49,0,0,2.4183711232216143,2.4183710803649552,1.7721291327845701e-08
cylinder,30,1.508,0,0,3.3485385532205805,3.3485384395589288,3.3943659252555688e-08
cylinder,30,1.526,0,0,12.368272157944288,12.368266429057583,4.6319216064270674e-07
cylinder,30,1.544,1,1,3.6047122418861313,3.6047123836561279,3.9329074597436437e-08
cylinder,30,1.5619999999999998,1,1,2.4898795645328451,2.4898796112018138,1.874346433796424e-08
cylinder,30,1.5799999999999998,1,1,2.0141640546991413,2.0141640794052149,1.2266167489949998e-08
cylinder,30,1.5979999999999999,1,1,1.7341217135226816,1.7341217292811375,9.0872836119964432e-09
cylinder,30,1.6159999999999999,1,1,1.5440860824818419,1.5440860935849128,7.1907071799181812e-09
cylinder,30,1.6339999999999999,1,1,1.4041869836557266,1.4041869920059382,5.9466520237517594e-09
cylinder,30,1.6519999999999999,1,1,1.295588030367075,1.2955880369248545,5.061624013165985e-09
cylinder,30,1.6699999999999999,1,1,1.2080781892992956,1.2080781946113108,4.3970790579258395e-09
cylinder,30,1.6879999999999999,1,1,1.1355778191799035,1.1355778235854685,3.8795800190423015e-09
cylinder,30,1.706,1,1,1.0742108349315296,1.0742108386595903,3.4705112586626877e-09
cylinder,30,1.724,1,1,1.0213735391804313,1.0213735423797115,3.1323311879212064e-09
cylinder,30,1.742,1,1,0.97524329567241386,0.97524329845439006,2.852597189041023e-09
cylinder,30,1.76,1,1,0.93450085373772018,0.93450085618105039,2.6145830919804017e-09
cylinder,30,1.7779999999999998,1,1,0.89816454020279757,0.89816454237109777,2.4141458756323621e-09
cylinder,30,1.7959999999999998,1,1,0.86548667682339664,0.86548667876240137,2.2403634674344156e-09
cylinder,30,1.8139999999999998,1,1,0.83588638033059792,0.8358863820741308,2.0858491617595225e-09
cylinder,30,1.8319999999999999,1,1,0.80890454500754061,0.80890454658427724,1.949224549744619e-09
cylinder,30,1.8499999999999999,1,1,0.78417284168087908,0.78417284311628777,1.8304748704869841e-09
cylinder,30,1.8679999999999999,1,1,0.76139185047853364,0.76139185179056379,1.7231994275571753e-09
cylinder,30,1.8859999999999999,1,1,0.74031530781551558,0.74031530901890696,1.6255119720379904e-09
cylinder,30,1.9039999999999999,1,1,0.72073854435480789,0.72073854546432337,1.5394147871843148e-09
cylinder,30,1.9219999999999999,1,1,0.70248985664559793,0.70248985767120131,1.4599545844291035e-09
cylinder,30,1.9399999999999999,1,1,0.68542397124778121,0.68542397219946116,1.3884544603726946e-09
cylinder,30,1.958,1,1,0.66941702675776549,0.66941702764155775,1.3202417386258697e-09
cylinder,30,1.976,1,1,0.65436267386099189,0.65436267468492693,1.2591412175255687e-09
cylinder,30,1.994,1,1,0.64016901037751439,0.64016901114806268,1.2036639252397494e-09
cylinder,30,2.0119999999999996,1,1,0.6267561478606215,0.62675614858228867,1.1514322448255534e-09
cylinder,30,2.0299999999999998,1,1,0.61405426144757047,0.61405426212542435,1.1038990230954857e-09
cylinder,30,2.0479999999999996,1,1,0.60200201345145576,0.60200201408668952,1.0552019779907292e-09
cylinder,30,2.0659999999999998,1,1,0.59054526886001657,0.59054526945886654,1.0140627477459731e-09
cylinder,30,2.0839999999999996,1,1,0.57963604091371046,0.5796360414789572,9.751752230584072e-10
cylinder,30,2.1019999999999999,1,1,0.56923161957261648,0.56923162010864792,9.4167557936725373e-10
cylinder,30,2.1199999999999997,1,1,0.55929384651122671,0.55929384701713025,9.04539826668271e-10
cylinder,30,2.1379999999999995,1,1,0.54978850837617965,0.54978850885653441,8.7370828269494737e-10
cylinder,30,2.1559999999999997,1,1,0.54068482615355029,0.54068482660843897,8.4131949244128508e-10
cylinder,30,2.1739999999999995,1,1,0.53195502314791354,0.53195502358004687,8.1234933958343717e-10
cylinder,30,2.1919999999999997,1,1,0.52357395765211778,0.52357395806242868,7.8367321743242023e-10
