offset_m,family,order,length_m,analytical_mu,native_mu,relative_area_error,length_error_m
0.01,direct water,0,0.8,0,0,1.325606291402437e-13,0.0
0.01,radial line,2,0.8170410026430743,1,1,5.805003144843113e-10,2.220446049250313e-16
0.01,radial line,2,0.8170410026430743,1,1,1.0754607426832763e-08,1.1102230246251565e-16
0.01,non-periodic,2,0.8179708488781811,2,2,5.817357262571932e-09,0.0
0.01,non-periodic,2,0.8179708488781811,2,2,5.817357262571932e-09,0.0
0.01,radial line,4,0.8661547205898033,3,3,1.051295939191732e-09,0.0
0.01,radial line,4,0.8661547205898033,3,3,3.98975008586433e-09,0.0
0.01,non-periodic,4,0.8691838298393283,4,4,2.2196446902711386e-09,0.0
0.01,non-periodic,4,0.8691838298393283,4,4,2.2196446902711386e-09,0.0
0.01,radial line,6,0.9423396415305896,5,5,9.98528149054323e-10,0.0
0.01,radial line,6,0.9423396415305896,5,5,2.3229499435117873e-09,1.1102230246251565e-16
0.01,non-periodic,6,0.947702351750597,6,6,1.5145806830929587e-09,0.0
0.01,non-periodic,6,0.947702351750597,6,6,1.5145806830929587e-09,0.0
0.01,star,7,0.9802277674137804,6,6,6.73597400080439e-10,1.1102230246251565e-16
0.01,star,7,0.9802277674137804,6,6,6.73597400080439e-10,1.1102230246251565e-16
0.01,star,7,0.9802277674137804,6,6,6.229795235235258e-09,0.0
0.01,star,7,0.9802277674137804,6,6,6.229795235235258e-09,0.0
0.01,radial line,8,1.039661483368505,7,7,9.067464556977711e-10,0.0
0.01,radial line,8,1.039661483368505,7,7,1.5329232327943032e-09,0.0
0.01,non-periodic,8,1.0471419870786154,8,8,1.0842795550303208e-09,2.220446049250313e-16
0.01,non-periodic,8,1.0471419870786154,8,8,1.0842795550303208e-09,2.220446049250313e-16
0.01,star,9,1.0868224187124877,8,8,9.916798493492252e-10,0.0
0.01,star,9,1.0868224187124877,8,8,9.916798493492252e-10,0.0
0.01,star,9,1.0868224187124877,8,8,1.9123780337082508e-09,2.220446049250313e-16
0.01,star,9,1.0868224187124877,8,8,1.9123780337082508e-09,2.220446049250313e-16
0.01,radial line,10,1.1527792503337315,9,9,8.286309416405402e-10,0.0
0.01,radial line,10,1.1527792503337315,9,9,1.0840797148858883e-09,2.220446049250313e-16
0.01,non-periodic,10,1.162034803441666,10,10,1.0052050303244187e-09,0.0
0.01,non-periodic,10,1.162034803441666,10,10,1.0052050303244187e-09,0.0
0.01,star,11,1.2069325993034705,10,10,7.882809960335635e-10,0.0
0.01,star,11,1.2069325993034705,10,10,7.882809960335635e-10,0.0
0.01,star,11,1.2069325993034705,10,10,1.4648230406422158e-09,0.0
0.01,star,11,1.2069325993034705,10,10,1.4648230406422158e-09,0.0
0.01,radial line,12,1.2775038160412673,11,11,7.849132455106655e-10,2.220446049250313e-16
0.01,radial line,12,1.2775038160412673,11,11,7.576257399222186e-10,2.220446049250313e-16
0.01,non-periodic,12,1.288202681090273,12,12,1.0249927573369177e-09,2.220446049250313e-16
0.01,non-periodic,12,1.288202681090273,12,12,1.0249927573369177e-09,2.220446049250313e-16
0.01,star,13,1.3369089857693985,12,12,1.0504244141174013e-09,2.220446049250313e-16
0.01,star,13,1.3369089857693985,12,12,1.0504244141174013e-09,2.220446049250313e-16
0.01,star,13,1.3369089857693985,12,12,7.491398612557987e-10,2.220446049250313e-16
0.01,star,13,1.3369089857693985,12,12,7.491398612557987e-10,2.220446049250313e-16
0.01,radial line,14,1.41076007882276,13,13,8.132809981020728e-10,2.220446049250313e-16
0.01,radial line,14,1.41076007882276,13,13,4.672594533516872e-10,4.440892098500626e-16
0.01,star,14,1.3868618907576982,13,13,4.356770499924778e-10,2.220446049250313e-16
0.01,star,14,1.3868618907576982,13,13,4.356770499924778e-10,2.220446049250313e-16
0.01,star,14,1.3868618907576982,13,13,2.371141061274784e-09,2.220446049250313e-16
0.01,star,14,1.3868618907576982,13,13,2.371141061274784e-09,2.220446049250313e-16
0.01,non-periodic,14,1.3869959342716218,14,14,1.8031200976764694e-09,2.220446049250313e-16
0.01,non-periodic,14,1.3869959342716218,14,14,1.8031200976764694e-09,2.220446049250313e-16
0.01,non-periodic,14,1.4226238731150713,14,14,9.68841451509661e-10,2.220446049250313e-16
0.01,non-periodic,14,1.4226238731150713,14,14,9.68841451509661e-10,2.220446049250313e-16
0.01,non-periodic,14,1.3856943281478056,12,12,1.194620513622624e-09,2.220446049250313e-16
0.01,non-periodic,14,1.3856943281478056,12,12,1.194620513622624e-09,2.220446049250313e-16
0.01,star,15,1.4741401281471542,14,14,8.148726138301754e-10,2.220446049250313e-16
0.01,star,15,1.4741401281471542,14,14,8.148726138301754e-10,2.220446049250313e-16
0.01,star,15,1.4741401281471542,14,14,6.158498155883763e-10,0.0
0.01,star,15,1.4741401281471542,14,14,6.158498155883763e-10,0.0
0.01,radial line,16,1.550349637984929,15,15,8.554497110679904e-10,0.0
0.01,radial line,16,1.550349637984929,15,15,2.2724278014862875e-10,4.440892098500626e-16
0.01,star,16,1.5285488480032925,15,15,8.917435678768015e-10,0.0
0.01,star,16,1.5285488480032925,15,15,8.917435678768015e-10,0.0
0.01,star,16,1.5285488480032925,15,15,9.805033451826262e-10,4.440892098500626e-16
0.01,star,16,1.5285488480032925,15,15,9.805033451826262e-10,4.440892098500626e-16
0.01,non-periodic,16,1.5293214101842254,16,16,9.646166088117525e-10,0.0
0.01,non-periodic,16,1.5293214101842254,16,16,9.646166088117525e-10,0.0
0.01,non-periodic,16,1.5631570564577157,16,16,1.0268677019809047e-09,2.220446049250313e-16
0.01,non-periodic,16,1.5631570564577157,16,16,1.0268677019809047e-09,2.220446049250313e-16
0.01,non-periodic,16,1.52582840230557,14,14,8.113471006154782e-10,0.0
0.01,non-periodic,16,1.52582840230557,14,14,8.113471006154782e-10,0.0
0.01,star,17,1.6167780903073514,16,16,7.717173566845759e-10,2.220446049250313e-16
0.01,star,17,1.6167780903073514,16,16,7.717173566845759e-10,2.220446049250313e-16
0.01,star,17,1.6167780903073514,16,16,1.7484336201079032e-10,2.220446049250313e-16
0.01,star,17,1.6167780903073514,16,16,1.7484336201079032e-10,2.220446049250313e-16
0.01,radial line,18,1.6947082344757756,17,17,9.000689082938607e-10,8.881784197001252e-16
0.01,radial line,18,1.6947082344757756,17,17,1.0613732115416497e-12,0.0
0.01,star,18,1.674733375574825,17,17,4.5709214191447245e-10,4.440892098500626e-16
0.01,star,18,1.674733375574825,17,17,4.5709214191447245e-10,4.440892098500626e-16
0.01,star,18,1.674733375574825,17,17,7.076337293909774e-10,4.440892098500626e-16
0.01,star,18,1.674733375574825,17,17,7.076337293909774e-10,4.440892098500626e-16
0.01,non-periodic,18,1.6763517511985777,18,18,1.0028657904115335e-09,2.220446049250313e-16
0.01,non-periodic,18,1.6763517511985777,18,18,1.0028657904115335e-09,2.220446049250313e-16
0.01,non-periodic,18,1.7082866316225482,18,18,9.827851865651382e-10,2.220446049250313e-16
0.01,non-periodic,18,1.7082866316225482,18,18,9.827851865651382e-10,2.220446049250313e-16
0.01,non-periodic,18,1.6705791471711025,16,16,2.729766412912227e-10,0.0
0.01,non-periodic,18,1.6705791471711025,16,16,2.729766412912227e-10,0.0
0.01,star,19,1.7635106364734563,18,18,8.718508137661729e-10,2.220446049250313e-16
0.01,star,19,1.7635106364734563,18,18,8.718508137661729e-10,2.220446049250313e-16
0.01,star,19,1.7635106364734563,18,18,2.0533641453823748e-10,4.440892098500626e-16
0.01,star,19,1.7635106364734563,18,18,2.0533641453823748e-10,4.440892098500626e-16
0.01,radial line,20,1.8427153876819937,19,19,1.0213083712073967e-09,4.440892098500626e-16
0.01,radial line,20,1.8427153876819937,19,19,2.3205015686755814e-10,8.881784197001252e-16
0.01,star,20,1.8243260860250459,19,19,8.319971378512037e-10,6.661338147750939e-16
0.01,star,20,1.8243260860250459,19,19,8.319971378512037e-10,6.661338147750939e-16
0.01,star,20,1.8243260860250459,19,19,4.009720333542077e-10,6.661338147750939e-16
0.01,star,20,1.8243260860250459,19,19,4.009720333542077e-10,6.661338147750939e-16
0.01,non-periodic,20,1.826844878510275,20,20,1.1010976574965525e-09,6.661338147750939e-16
0.01,non-periodic,20,1.826844878510275,20,20,1.1010976574965525e-09,6.661338147750939e-16
0.01,non-periodic,20,1.8569304320187794,20,20,1.298224194812292e-09,4.440892098500626e-16
0.01,non-periodic,20,1.8569304320187794,20,20,1.298224194812292e-09,4.440892098500626e-16
0.01,non-periodic,20,1.8188981798907564,18,18,2.1049062493005977e-10,6.661338147750939e-16
0.01,non-periodic,20,1.8188981798907564,18,18,2.1049062493005977e-10,6.661338147750939e-16
0.01,star,21,1.8781954861198658,20,20,5.321740825792176e-10,0.0
0.01,star,21,1.8781954861198658,20,20,5.321740825792176e-10,0.0
0.01,star,21,1.8781954861198658,20,20,4.0186731720126545e-10,0.0
0.01,star,21,1.8781954861198658,20,20,4.0186731720126545e-10,0.0
0.01,star,21,1.9133956076544165,20,20,1.0864920074737938e-09,0.0
0.01,star,21,1.9133956076544165,20,20,1.0864920074737938e-09,0.0
0.01,star,21,1.9133956076544165,20,20,2.6637780869975813e-10,2.220446049250313e-16
0.01,star,21,1.9133956076544165,20,20,2.6637780869975813e-10,2.220446049250313e-16
0.01,radial line,22,1.9935586271790455,21,21,1.1225225193811639e-09,1.1102230246251565e-15
0.01,radial line,22,1.9935586271790455,21,21,4.602620506943822e-10,6.661338147750939e-16
0.01,star,22,1.9765488096795703,21,21,1.1278609157727715e-09,6.661338147750939e-16
0.01,star,22,1.9765488096795703,21,21,1.1278609157727715e-09,6.661338147750939e-16
0.01,star,22,1.9765488096795703,21,21,9.447731486034172e-11,8.881784197001252e-16
0.01,star,22,1.9765488096795703,21,21,9.447731486034172e-11,8.881784197001252e-16
0.01,non-periodic,22,1.97995585012702,22,22,1.5295300581641413e-09,2.220446049250313e-16
0.01,non-periodic,22,1.97995585012702,22,22,1.5295300581641413e-09,2.220446049250313e-16
0.01,non-periodic,22,2.008305258634387,22,22,1.3846848112564203e-09,8.881784197001252e-16
0.01,non-periodic,22,2.008305258634387,22,22,1.3846848112564203e-09,8.881784197001252e-16
0.01,non-periodic,22,1.970002296326531,20,20,4.779732165616224e-11,4.440892098500626e-16
0.01,non-periodic,22,1.970002296326531,20,20,4.779732165616224e-11,4.440892098500626e-16
0.01,star,23,2.033083461034199,22,22,4.3773296098947867e-10,4.440892098500626e-16
0.01,star,23,2.033083461034199,22,22,4.3773296098947867e-10,4.440892098500626e-16
0.01,star,23,2.033083461034199,22,22,3.091393807608256e-10,8.881784197001252e-16
0.01,star,23,2.033083461034199,22,22,3.091393807608256e-10,8.881784197001252e-16
0.01,star,23,2.065746713673681,22,22,1.2202017174445245e-09,0.0
0.01,star,23,2.065746713673681,22,22,1.2202017174445245e-09,0.0
0.01,star,23,2.065746713673681,22,22,5.266116431812407e-10,8.881784197001252e-16
0.01,star,23,2.065746713673681,22,22,5.266116431812407e-10,8.881784197001252e-16
0.01,radial line,24,2.146640165467888,23,23,1.2741181443232108e-09,4.440892098500626e-16
0.01,radial line,24,2.146640165467888,23,23,6.911273775500604e-10,8.881784197001252e-16
0.01,star,24,2.1308354579797926,23,23,9.501803788225516e-10,4.440892098500626e-16
0.01,star,24,2.1308354579797926,23,23,9.501803788225516e-10,4.440892098500626e-16
0.01,star,24,2.1308354579797926,23,23,3.7751601844604465e-10,4.440892098500626e-16
0.01,star,24,2.1308354579797926,23,23,3.7751601844604465e-10,4.440892098500626e-16
0.01,non-periodic,24,2.135088897756395,24,24,1.0544796147371471e-09,0.0
0.01,non-periodic,24,2.135088897756395,24,24,1.0544796147371471e-09,0.0
0.01,non-periodic,24,2.1618354904567547,24,24,1.2024119477871409e-09,8.881784197001252e-16
0.01,non-periodic,24,2.1618354904567547,24,24,1.2024119477871409e-09,8.881784197001252e-16
0.01,non-periodic,24,2.1233083991754222,22,22,1.1002154742811854e-10,4.440892098500626e-16
0.01,non-periodic,24,2.1233083991754222,22,22,1.1002154742811854e-10,4.440892098500626e-16
0.01,star,25,2.1896225567495193,24,24,6.7928129787731e-10,0.0
0.01,star,25,2.1896225567495193,24,24,6.7928129787731e-10,0.0
0.01,star,25,2.1896225567495193,24,24,1.9826251751453583e-10,0.0
0.01,star,25,2.1896225567495193,24,24,1.9826251751453583e-10,0.0
0.01,star,25,2.2200561773125416,24,24,1.3298540046946528e-09,4.440892098500626e-16
0.01,star,25,2.2200561773125416,24,24,1.3298540046946528e-09,4.440892098500626e-16
0.01,star,25,2.2200561773125416,24,24,6.593101620211428e-10,4.440892098500626e-16
0.01,star,25,2.2200561773125416,24,24,6.593101620211428e-10,4.440892098500626e-16
0.01,radial line,26,2.301513415124926,25,25,1.4019285732302933e-09,0.0
0.01,radial line,26,2.301513415124926,25,25,9.284846225199317e-10,4.440892098500626e-16
0.01,star,26,2.2428219763336177,25,25,2.7031556992795913e-09,1.3322676295501878e-15
0.01,star,26,2.2428219763336177,25,25,2.7031556992795913e-09,1.3322676295501878e-15
0.01,star,26,2.2428219763336177,25,25,2.4003298237929016e-09,1.7763568394002505e-15
0.01,star,26,2.2428219763336177,25,25,2.4003298237929016e-09,1.7763568394002505e-15
0.01,star,26,2.2867668322161414,25,25,1.3442702506694104e-09,1.3322676295501878e-15
0.01,star,26,2.2867668322161414,25,25,1.3442702506694104e-09,1.3322676295501878e-15
0.01,star,26,2.2867668322161414,25,25,6.781115668985649e-10,8.881784197001252e-16
0.01,star,26,2.2867668322161414,25,25,6.781115668985649e-10,8.881784197001252e-16
0.01,non-periodic,26,2.2428245740634325,26,26,1.081989386975124e-09,4.440892098500626e-16
0.01,non-periodic,26,2.2428245740634325,26,26,1.081989386975124e-09,4.440892098500626e-16
0.01,non-periodic,26,2.291812870562036,26,26,9.356577734820348e-10,1.3322676295501878e-15
0.01,non-periodic,26,2.291812870562036,26,26,9.356577734820348e-10,1.3322676295501878e-15
0.01,non-periodic,26,2.3170913500650068,26,26,1.8436938642452105e-09,8.881784197001252e-16
0.01,non-periodic,26,2.3170913500650068,26,26,1.8436938642452105e-09,8.881784197001252e-16
0.01,non-periodic,26,2.242732379152964,24,24,1.4273385806617966e-09,8.881784197001252e-16
0.01,non-periodic,26,2.242732379152964,24,24,1.4273385806617966e-09,8.881784197001252e-16
0.01,non-periodic,26,2.278378434037942,24,24,5.297733363107682e-10,4.440892098500626e-16
0.01,non-periodic,26,2.278378434037942,24,24,5.297733363107682e-10,4.440892098500626e-16
0.01,star,27,2.3474766725879426,26,26,1.1379988062998336e-09,8.881784197001252e-16
0.01,star,27,2.3474766725879426,26,26,1.1379988062998336e-09,8.881784197001252e-16
0.01,star,27,2.3474766725879426,26,26,8.608422863431997e-10,1.3322676295501878e-15
0.01,star,27,2.3474766725879426,26,26,8.608422863431997e-10,1.3322676295501878e-15
0.01,star,27,2.375942390388182,26,26,1.2361094370305636e-09,4.440892098500626e-16
0.01,star,27,2.375942390388182,26,26,1.2361094370305636e-09,4.440892098500626e-16
0.01,star,27,2.375942390388182,26,26,1.1443563874280471e-09,4.440892098500626e-16
0.01,star,27,2.375942390388182,26,26,1.1443563874280471e-09,4.440892098500626e-16
0.01,radial line,28,2.457839701852015,27,27,1.5696191013603311e-09,8.881784197001252e-16
0.01,radial line,28,2.457839701852015,27,27,1.1761456253367442e-09,1.3322676295501878e-15
0.01,star,28,2.402819930028896,27,27,2.0222865604324625e-09,4.440892098500626e-16
0.01,star,28,2.402819930028896,27,27,2.0222865604324625e-09,4.440892098500626e-16
0.01,star,28,2.402819930028896,27,27,1.6392887047800286e-11,4.440892098500626e-16
0.01,star,28,2.402819930028896,27,27,1.6392887047800286e-11,4.440892098500626e-16
0.01,star,28,2.4440272354685555,27,27,1.3636349827095273e-09,4.440892098500626e-16
0.01,star,28,2.4440272354685555,27,27,1.3636349827095273e-09,4.440892098500626e-16
0.01,star,28,2.4440272354685555,27,27,8.769791559615214e-10,4.440892098500626e-16
0.01,star,28,2.4440272354685555,27,27,8.769791559615214e-10,4.440892098500626e-16
0.01,non-periodic,28,2.4030488006620847,28,28,4.727207514321208e-10,4.440892098500626e-16
0.01,non-periodic,28,2.4030488006620847,28,28,4.727207514321208e-10,4.440892098500626e-16
0.01,non-periodic,28,2.4498088769592,28,28,1.4391219327336557e-09,0.0
0.01,non-periodic,28,2.4498088769592,28,28,1.4391219327336557e-09,0.0
0.01,non-periodic,28,2.473746994206001,28,28,1.981755426427867e-09,8.881784197001252e-16
0.01,non-periodic,28,2.473746994206001,28,28,1.981755426427867e-09,8.881784197001252e-16
0.01,non-periodic,28,2.4021265122796613,26,26,2.663891329746093e-11,4.440892098500626e-16
0.01,non-periodic,28,2.4021265122796613,26,26,2.663891329746093e-11,4.440892098500626e-16
0.01,non-periodic,28,2.4348792571551643,26,26,6.275520103571353e-10,8.881784197001252e-16
0.01,non-periodic,28,2.4348792571551643,26,26,6.275520103571353e-10,8.881784197001252e-16
0.01,star,29,2.506393708854424,28,28,1.1150802503578916e-09,0.0
0.01,star,29,2.506393708854424,28,28,1.1150802503578916e-09,0.0
0.01,star,29,2.506393708854424,28,28,6.48738840425267e-10,4.440892098500626e-16
0.01,star,29,2.506393708854424,28,28,6.48738840425267e-10,4.440892098500626e-16
0.01,star,29,2.533114227717475,28,28,1.9055836908421497e-09,4.440892098500626e-16
0.01,star,29,2.533114227717475,28,28,1.9055836908421497e-09,4.440892098500626e-16
0.01,star,29,2.533114227717475,28,28,1.2163479112814457e-09,8.881784197001252e-16
0.01,star,29,2.533114227717475,28,28,1.2163479112814457e-09,8.881784197001252e-16
0.01,radial line,30,2.6153584840323516,29,29,1.7782881833738884e-09,8.881784197001252e-16
0.01,radial line,30,2.6153584840323516,29,29,1.446649910974429e-09,0.0
0.01,star,30,2.5636081205919417,29,29,1.477677979977443e-10,8.881784197001252e-16
0.01,star,30,2.5636081205919417,29,29,1.477677979977443e-10,8.881784197001252e-16
0.01,star,30,2.5636081205919417,29,29,3.6712766160462706e-10,1.3322676295501878e-15
0.01,star,30,2.5636081205919417,29,29,3.6712766160462706e-10,1.3322676295501878e-15
0.01,star,30,2.6023751592833104,29,29,1.297018714652154e-09,8.881784197001252e-16
0.01,star,30,2.6023751592833104,29,29,1.297018714652154e-09,8.881784197001252e-16
0.01,star,30,2.6023751592833104,29,29,1.024239582037012e-09,4.440892098500626e-16
0.01,star,30,2.6023751592833104,29,29,1.024239582037012e-09,4.440892098500626e-16
0.01,non-periodic,30,2.5642444254941026,30,30,9.40076239075438e-10,4.440892098500626e-16
0.01,non-periodic,30,2.5642444254941026,30,30,9.40076239075438e-10,4.440892098500626e-16
0.01,non-periodic,30,2.6088365226079318,30,30,1.8467150031398205e-09,0.0
0.01,non-periodic,30,2.6088365226079318,30,30,1.8467150031398205e-09,0.0
0.01,non-periodic,30,2.6315517632700645,30,30,2.284931577278826e-09,8.881784197001252e-16
0.01,non-periodic,30,2.6315517632700645,30,30,2.284931577278826e-09,8.881784197001252e-16
0.01,non-periodic,30,2.5622125628985617,28,28,1.049240694328546e-10,8.881784197001252e-16
0.01,non-periodic,30,2.5622125628985617,28,28,1.049240694328546e-10,8.881784197001252e-16
0.01,non-periodic,30,2.5925542143489864,28,28,7.806235657881189e-10,8.881784197001252e-16
0.01,non-periodic,30,2.5925542143489864,28,28,7.806235657881189e-10,8.881784197001252e-16
0.01,star,31,2.6661812381366423,30,30,1.5532739539025897e-09,4.440892098500626e-16
0.01,star,31,2.6661812381366423,30,30,1.5532739539025897e-09,4.440892098500626e-16
0.01,star,31,2.6661812381366423,30,30,9.529581568301637e-10,8.881784197001252e-16
0.01,star,31,2.6661812381366423,30,30,9.529581568301637e-10,8.881784197001252e-16
0.01,star,31,2.691346431886997,30,30,1.984904240970309e-09,4.440892098500626e-16
0.01,star,31,2.691346431886997,30,30,1.984904240970309e-09,4.440892098500626e-16
0.01,star,31,2.691346431886997,30,30,1.1839953462100539e-09,8.881784197001252e-16
0.01,star,31,2.691346431886997,30,30,1.1839953462100539e-09,8.881784197001252e-16
0.01,radial line,32,2.7738666153944753,31,31,1.9906245540823875e-09,1.3322676295501878e-15
0.01,radial line,32,2.7738666153944753,31,31,1.7323753542797249e-09,1.3322676295501878e-15
0.01,star,32,2.7250406094091097,31,31,8.683087582284088e-10,1.3322676295501878e-15
0.01,star,32,2.7250406094091097,31,31,8.683087582284088e-10,1.3322676295501878e-15
0.01,star,32,2.7250406094091097,31,31,1.7059886836534588e-10,1.7763568394002505e-15
0.01,star,32,2.7250406094091097,31,31,1.7059886836534588e-10,1.7763568394002505e-15
0.01,star,32,2.761623156027864,31,31,1.5430301480989783e-09,4.440892098500626e-16
0.01,star,32,2.761623156027864,31,31,1.5430301480989783e-09,4.440892098500626e-16
0.01,star,32,2.761623156027864,31,31,1.6421886073203495e-09,1.7763568394002505e-15
0.01,star,32,2.761623156027864,31,31,1.6421886073203495e-09,1.7763568394002505e-15
0.01,non-periodic,32,2.7261637958895677,32,32,1.18753118449888e-09,1.7763568394002505e-15
0.01,non-periodic,32,2.7261637958895677,32,32,1.18753118449888e-09,1.7763568394002505e-15
0.01,non-periodic,32,2.7687114977004135,32,32,1.8406471902210342e-09,4.440892098500626e-16
0.01,non-periodic,32,2.7687114977004135,32,32,1.8406471902210342e-09,4.440892098500626e-16
0.01,non-periodic,32,2.790310198306772,32,32,2.3147546102109118e-09,4.440892098500626e-16
0.01,non-periodic,32,2.790310198306772,32,32,2.3147546102109118e-09,4.440892098500626e-16
0.01,non-periodic,32,2.7229275695298827,30,30,4.065818792753362e-10,1.3322676295501878e-15
0.01,non-periodic,32,2.7229275695298827,30,30,4.065818792753362e-10,1.3322676295501878e-15
0.01,non-periodic,32,2.751203056078976,30,30,1.3764200890165057e-09,0.0
0.01,non-periodic,32,2.751203056078976,30,30,1.3764200890165057e-09,0.0
0.01,star,33,2.779412895280092,32,32,1.0826981533540447e-09,4.440892098500626e-16
0.01,star,33,2.779412895280092,32,32,1.0826981533540447e-09,4.440892098500626e-16
0.01,star,33,2.779412895280092,32,32,1.0913597803252628e-09,4.440892098500626e-16
0.01,star,33,2.779412895280092,32,32,1.0913597803252628e-09,4.440892098500626e-16
0.01,star,33,2.8266900596550877,32,32,1.0989000820416095e-09,8.881784197001252e-16
0.01,star,33,2.8266900596550877,32,32,1.0989000820416095e-09,8.881784197001252e-16
0.01,star,33,2.8266900596550877,32,32,1.010801886636159e-09,1.3322676295501878e-15
0.01,star,33,2.8266900596550877,32,32,1.010801886636159e-09,1.3322676295501878e-15
0.01,star,33,2.850462402422273,32,32,2.0760879682057976e-09,8.881784197001252e-16
0.01,star,33,2.850462402422273,32,32,2.0760879682057976e-09,8.881784197001252e-16
0.01,star,33,2.850462402422273,32,32,1.890599454767994e-09,1.3322676295501878e-15
0.01,star,33,2.850462402422273,32,32,1.890599454767994e-09,1.3322676295501878e-15
0.01,radial line,34,2.9332037092571666,33,33,2.2059343240954377e-09,8.881784197001252e-16
0.01,radial line,34,2.9332037092571666,33,33,2.015639211094822e-09,4.440892098500626e-16
0.01,star,34,2.8870052107462327,33,33,9.513085874601757e-10,1.3322676295501878e-15
0.01,star,34,2.8870052107462327,33,33,9.513085874601757e-10,1.3322676295501878e-15
0.01,star,34,2.8870052107462327,33,33,5.176730155653786e-10,1.7763568394002505e-15
0.01,star,34,2.8870052107462327,33,33,5.176730155653786e-10,1.7763568394002505e-15
0.01,star,34,2.9216237904958855,33,33,2.0123349653289324e-09,1.3322676295501878e-15
0.01,star,34,2.9216237904958855,33,33,2.0123349653289324e-09,1.3322676295501878e-15
0.01,star,34,2.9216237904958855,33,33,1.8536612245156903e-09,8.881784197001252e-16
0.01,star,34,2.9216237904958855,33,33,1.8536612245156903e-09,8.881784197001252e-16
0.01,non-periodic,34,2.8886501059961134,34,34,1.537699523268543e-09,1.3322676295501878e-15
0.01,non-periodic,34,2.8886501059961134,34,34,1.537699523268543e-09,1.3322676295501878e-15
0.01,non-periodic,34,2.929290336340148,34,34,1.973408769728735e-09,1.3322676295501878e-15
0.01,non-periodic,34,2.929290336340148,34,34,1.973408769728735e-09,1.3322676295501878e-15
0.01,non-periodic,34,2.9498679545909496,34,34,2.757200912029134e-09,4.440892098500626e-16
0.01,non-periodic,34,2.9498679545909496,34,34,2.757200912029134e-09,4.440892098500626e-16
0.01,non-periodic,34,2.884189827162699,32,32,7.402891633034869e-10,1.3322676295501878e-15
0.01,non-periodic,34,2.884189827162699,32,32,7.402891633034869e-10,1.3322676295501878e-15
0.01,non-periodic,34,2.9106676452286604,32,32,1.3812333499174656e-09,8.881784197001252e-16
0.01,non-periodic,34,2.9106676452286604,32,32,1.3812333499174656e-09,8.881784197001252e-16
0.01,star,35,2.9429852021756933,34,34,2.506683749459171e-11,1.7763568394002505e-15
0.01,star,35,2.9429852021756933,34,34,2.506683749459171e-11,1.7763568394002505e-15
0.01,star,35,2.9429852021756933,34,34,4.056799340901307e-11,1.3322676295501878e-15
0.01,star,35,2.9429852021756933,34,34,4.056799340901307e-11,1.3322676295501878e-15
0.01,star,35,2.987802844941733,34,34,1.887610068251888e-09,1.3322676295501878e-15
0.01,star,35,2.987802844941733,34,34,1.887610068251888e-09,1.3322676295501878e-15
0.01,star,35,2.987802844941733,34,34,1.6071528552430436e-09,8.881784197001252e-16
0.01,star,35,2.987802844941733,34,34,1.6071528552430436e-09,8.881784197001252e-16
0.03,direct water,0,0.8,0,0,7.348566199993911e-13,0.0
0.03,radial line,2,0.8170410026430743,1,1,5.698514993213166e-10,0.0
0.03,radial line,2,0.8170410026430743,1,1,4.247992513306542e-09,0.0
0.03,non-periodic,2,0.8237750206674747,2,2,4.256150987203e-10,1.1102230246251565e-16
0.03,non-periodic,2,0.8237750206674747,2,2,4.256150987203e-10,1.1102230246251565e-16
0.03,polygon,3,0.8285534080552684,2,2,5.530551572263676e-10,2.220446049250313e-16
0.03,polygon,3,0.8285534080552684,2,2,5.530551572263676e-10,2.220446049250313e-16
0.03,polygon,3,0.8285534080552684,2,2,3.280040905551118e-09,0.0
0.03,polygon,3,0.8285534080552684,2,2,3.280040905551118e-09,0.0
0.03,radial line,4,0.8661547205898033,3,3,3.3374814023545696e-10,0.0
0.03,radial line,4,0.8661547205898033,3,3,1.9625333580464144e-09,0.0
0.03,polygon,4,0.8337337704567329,3,3,3.861004849170513e-10,0.0
0.03,polygon,4,0.8337337704567329,3,3,3.861004849170513e-10,0.0
0.03,polygon,4,0.8337337704567329,3,3,4.984668233731782e-10,2.220446049250313e-16
0.03,polygon,4,0.8337337704567329,3,3,4.984668233731782e-10,2.220446049250313e-16
0.03,non-periodic,4,0.8337487251955468,4,4,1.5253827090333516e-09,1.1102230246251565e-16
0.03,non-periodic,4,0.8337487251955468,4,4,1.5253827090333516e-09,1.1102230246251565e-16
0.03,non-periodic,4,0.8827443347430982,4,4,2.69683608777882e-10,0.0
0.03,non-periodic,4,0.8827443347430982,4,4,2.69683608777882e-10,0.0
0.03,non-periodic,4,0.8333309671881742,2,2,2.4192867709160737e-09,0.0
0.03,non-periodic,4,0.8333309671881742,2,2,2.4192867709160737e-09,0.0
0.03,star,5,0.8920644460621177,4,4,3.507305557093332e-10,0.0
0.03,star,5,0.8920644460621177,4,4,3.507305557093332e-10,0.0
0.03,star,5,0.8920644460621177,4,4,1.5889889404263613e-09,0.0
0.03,star,5,0.8920644460621177,4,4,1.5889889404263613e-09,0.0
0.03,radial line,6,0.9423396415305896,5,5,3.8204905905558917e-10,1.1102230246251565e-16
0.03,radial line,6,0.9423396415305896,5,5,1.048855224894396e-09,1.1102230246251565e-16
0.03,polygon,6,0.908847071844323,5,5,3.163860284871589e-10,1.1102230246251565e-16
0.03,polygon,6,0.908847071844323,5,5,3.163860284871589e-10,1.1102230246251565e-16
0.03,polygon,6,0.908847071844323,5,5,1.3007814825272135e-09,0.0
0.03,polygon,6,0.908847071844323,5,5,1.3007814825272135e-09,0.0
0.03,non-periodic,6,0.9121308191807348,6,6,2.811799681978755e-10,1.1102230246251565e-16
0.03,non-periodic,6,0.9121308191807348,6,6,2.811799681978755e-10,1.1102230246251565e-16
0.03,non-periodic,6,0.9675461457484953,6,6,4.785971619014617e-10,1.1102230246251565e-16
0.03,non-periodic,6,0.9675461457484953,6,6,4.785971619014617e-10,1.1102230246251565e-16
0.03,non-periodic,6,0.9016834334269943,4,4,1.300322627351136e-09,1.1102230246251565e-16
0.03,non-periodic,6,0.9016834334269943,4,4,1.300322627351136e-09,1.1102230246251565e-16
0.03,star,7,0.919966137688564,6,6,2.573070645439657e-10,0.0
0.03,star,7,0.919966137688564,6,6,2.573070645439657e-10,0.0
0.03,star,7,0.919966137688564,6,6,9.067769868309483e-10,0.0
0.03,star,7,0.919966137688564,6,6,9.067769868309483e-10,0.0
0.03,star,7,0.9802277674137804,6,6,4.862870106592254e-10,1.1102230246251565e-16
0.03,star,7,0.9802277674137804,6,6,4.862870106592254e-10,1.1102230246251565e-16
0.03,star,7,0.9802277674137804,6,6,7.081847330780988e-10,2.220446049250313e-16
0.03,star,7,0.9802277674137804,6,6,7.081847330780988e-10,2.220446049250313e-16
0.03,radial line,8,1.039661483368505,7,7,6.98749280658717e-10,0.0
0.03,radial line,8,1.039661483368505,7,7,2.2129875709708813e-10,0.0
0.03,polygon,8,0.92760336351266,7,7,7.821726599743783e-10,1.1102230246251565e-16
0.03,polygon,8,0.92760336351266,7,7,7.821726599743783e-10,1.1102230246251565e-16
0.03,polygon,8,0.92760336351266,7,7,7.083289510489976e-10,2.220446049250313e-16
0.03,polygon,8,0.92760336351266,7,7,7.083289510489976e-10,2.220446049250313e-16
0.03,star,8,1.0081310806135342,7,7,4.861866464977993e-10,0.0
0.03,star,8,1.0081310806135342,7,7,4.861866464977993e-10,0.0
0.03,star,8,1.0081310806135342,7,7,4.623494920252824e-10,2.220446049250313e-16
0.03,star,8,1.0081310806135342,7,7,4.623494920252824e-10,2.220446049250313e-16
0.03,non-periodic,8,0.9276476022011608,8,8,1.7562534759818504e-09,0.0
0.03,non-periodic,8,0.9276476022011608,8,8,1.7562534759818504e-09,0.0
0.03,non-periodic,8,1.0171245097844483,8,8,5.765388166878438e-10,0.0
0.03,non-periodic,8,1.0171245097844483,8,8,5.765388166878438e-10,0.0
0.03,non-periodic,8,1.071697150269677,8,8,9.222849151058199e-10,0.0
0.03,non-periodic,8,1.071697150269677,8,8,9.222849151058199e-10,0.0
0.03,non-periodic,8,0.9273546723778126,6,6,2.934037457436034e-10,0.0
0.03,non-periodic,8,0.9273546723778126,6,6,2.934037457436034e-10,0.0
0.03,non-periodic,8,0.9931916787320093,6,6,5.379167111740912e-10,0.0
0.03,non-periodic,8,0.9931916787320093,6,6,5.379167111740912e-10,0.0
0.03,polygon,9,1.0288375722143899,8,8,6.40661967921119e-10,2.220446049250313e-16
0.03,polygon,9,1.0288375722143899,8,8,6.40661967921119e-10,2.220446049250313e-16
0.03,polygon,9,1.0288375722143899,8,8,3.3906399909966467e-10,0.0
0.03,polygon,9,1.0288375722143899,8,8,3.3906399909966467e-10,0.0
0.03,star,9,1.0868224187124877,8,8,9.071947637551148e-10,0.0
0.03,star,9,1.0868224187124877,8,8,9.071947637551148e-10,0.0
0.03,star,9,1.0868224187124877,8,8,1.2991918652005552e-10,0.0
0.03,star,9,1.0868224187124877,8,8,1.2991918652005552e-10,0.0
0.03,radial line,10,1.1527792503337315,9,9,1.1830552093528013e-09,4.440892098500626e-16
0.03,radial line,10,1.1527792503337315,9,9,5.795259827579002e-10,2.220446049250313e-16
0.03,star,10,1.0444572292403604,9,9,4.737636949414537e-10,0.0
0.03,star,10,1.0444572292403604,9,9,4.737636949414537e-10,0.0
0.03,star,10,1.0444572292403604,9,9,1.0893375090859081e-10,0.0
0.03,star,10,1.0444572292403604,9,9,1.0893375090859081e-10,0.0
0.03,star,10,1.1238842928488906,9,9,9.325626937339848e-10,2.220446049250313e-16
0.03,star,10,1.1238842928488906,9,9,9.325626937339848e-10,2.220446049250313e-16
0.03,star,10,1.1238842928488906,9,9,3.725082464711704e-10,0.0
0.03,star,10,1.1238842928488906,9,9,3.725082464711704e-10,0.0
0.03,non-periodic,10,1.046741814610328,10,10,4.796776309490269e-10,0.0
0.03,non-periodic,10,1.046741814610328,10,10,4.796776309490269e-10,0.0
0.03,non-periodic,10,1.1386945822828893,10,10,1.256992288034553e-09,2.220446049250313e-16
0.03,non-periodic,10,1.1386945822828893,10,10,1.256992288034553e-09,2.220446049250313e-16
0.03,non-periodic,10,1.1900408049905444,10,10,1.5241745643379545e-09,0.0
0.03,non-periodic,10,1.1900408049905444,10,10,1.5241745643379545e-09,0.0
0.03,non-periodic,10,1.0404617157423262,8,8,1.9747292689942242e-10,4.440892098500626e-16
0.03,non-periodic,10,1.0404617157423262,8,8,1.9747292689942242e-10,4.440892098500626e-16
0.03,non-periodic,10,1.1021719082128696,8,8,1.757538559132854e-10,2.220446049250313e-16
0.03,non-periodic,10,1.1021719082128696,8,8,1.757538559132854e-10,2.220446049250313e-16
0.03,star,11,1.0564559236959732,10,10,1.602522559096542e-10,0.0
0.03,star,11,1.0564559236959732,10,10,1.602522559096542e-10,0.0
0.03,star,11,1.0564559236959732,10,10,3.6510305889692063e-10,2.220446049250313e-16
0.03,star,11,1.0564559236959732,10,10,3.6510305889692063e-10,2.220446049250313e-16
0.03,star,11,1.1531349893082852,10,10,1.1650860276546382e-09,2.220446049250313e-16
0.03,star,11,1.1531349893082852,10,10,1.1650860276546382e-09,2.220446049250313e-16
0.03,star,11,1.1531349893082852,10,10,5.867051289243363e-10,0.0
0.03,star,11,1.1531349893082852,10,10,5.867051289243363e-10,0.0
0.03,star,11,1.2069325993034705,10,10,1.425398910015474e-09,0.0
0.03,star,11,1.2069325993034705,10,10,1.425398910015474e-09,0.0
0.03,star,11,1.2069325993034705,10,10,1.04389741295563e-09,0.0
0.03,star,11,1.2069325993034705,10,10,1.04389741295563e-09,0.0
0.03,radial line,12,1.2775038160412673,11,11,1.8412602553752322e-09,2.220446049250313e-16
0.03,radial line,12,1.2775038160412673,11,11,1.4644720991441318e-09,2.220446049250313e-16
0.03,polygon,12,1.0658367604844563,11,11,8.587774935620018e-10,2.220446049250313e-16
0.03,polygon,12,1.0658367604844563,11,11,8.587774935620018e-10,2.220446049250313e-16
0.03,polygon,12,1.0658367604844563,11,11,1.5613759174470943e-09,2.220446049250313e-16
0.03,polygon,12,1.0658367604844563,11,11,1.5613759174470943e-09,2.220446049250313e-16
0.03,polygon,12,1.176440393730171,11,11,1.1153815648867749e-09,2.220446049250313e-16
0.03,polygon,12,1.176440393730171,11,11,1.1153815648867749e-09,2.220446049250313e-16
0.03,polygon,12,1.176440393730171,11,11,6.626172943668962e-10,0.0
0.03,polygon,12,1.176440393730171,11,11,6.626172943668962e-10,0.0
0.03,star,12,1.2512248113270101,11,11,1.670851679236307e-09,0.0
0.03,star,12,1.2512248113270101,11,11,1.670851679236307e-09,0.0
0.03,star,12,1.2512248113270101,11,11,1.3295438083815725e-09,4.440892098500626e-16
0.03,star,12,1.2512248113270101,11,11,1.3295438083815725e-09,4.440892098500626e-16
0.03,non-periodic,12,1.0659083457982752,12,12,1.505334412676973e-09,2.220446049250313e-16
0.03,non-periodic,12,1.0659083457982752,12,12,1.505334412676973e-09,2.220446049250313e-16
0.03,non-periodic,12,1.1824312992762194,12,12,1.2779246549854406e-09,2.220446049250313e-16
0.03,non-periodic,12,1.1824312992762194,12,12,1.2779246549854406e-09,2.220446049250313e-16
0.03,non-periodic,12,1.2712124130782383,12,12,1.928252890692761e-09,2.220446049250313e-16
0.03,non-periodic,12,1.2712124130782383,12,12,1.928252890692761e-09,2.220446049250313e-16
0.03,non-periodic,12,1.318732565287584,12,12,2.270409193982914e-09,2.220446049250313e-16
0.03,non-periodic,12,1.318732565287584,12,12,2.270409193982914e-09,2.220446049250313e-16
0.03,non-periodic,12,1.0656077128450685,10,10,7.415346114925114e-10,0.0
0.03,non-periodic,12,1.0656077128450685,10,10,7.415346114925114e-10,0.0
0.03,non-periodic,12,1.1675759041260523,10,10,5.186919782573796e-10,0.0
0.03,non-periodic,12,1.1675759041260523,10,10,5.186919782573796e-10,0.0
0.03,non-periodic,12,1.2239944296597138,10,10,9.550085167120415e-10,2.220446049250313e-16
0.03,non-periodic,12,1.2239944296597138,10,10,9.550085167120415e-10,2.220446049250313e-16
0.03,star,13,1.1952168314358882,12,12,1.0790999205312346e-09,2.220446049250313e-16
0.03,star,13,1.1952168314358882,12,12,1.0790999205312346e-09,2.220446049250313e-16
0.03,star,13,1.1952168314358882,12,12,9.017422364365757e-10,0.0
0.03,star,13,1.1952168314358882,12,12,9.017422364365757e-10,0.0
0.03,star,13,1.2875728915213833,12,12,1.9258248329379057e-09,2.220446049250313e-16
0.03,star,13,1.2875728915213833,12,12,1.9258248329379057e-09,2.220446049250313e-16
0.03,star,13,1.2875728915213833,12,12,1.6070651476240982e-09,0.0
0.03,star,13,1.2875728915213833,12,12,1.6070651476240982e-09,0.0
0.03,star,13,1.3369089857693985,12,12,2.2984718572871543e-09,2.220446049250313e-16
0.03,star,13,1.3369089857693985,12,12,2.2984718572871543e-09,2.220446049250313e-16
0.03,star,13,1.3369089857693985,12,12,1.9437418341539114e-09,2.220446049250313e-16
0.03,star,13,1.3369089857693985,12,12,1.9437418341539114e-09,2.220446049250313e-16
0.03,radial line,14,1.41076007882276,13,13,2.6825963672649777e-09,0.0
0.03,radial line,14,1.41076007882276,13,13,2.4941408938161658e-09,4.440892098500626e-16
0.03,star,14,1.2105167400637031,13,13,6.81301015603708e-10,2.220446049250313e-16
0.03,star,14,1.2105167400637031,13,13,6.81301015603708e-10,2.220446049250313e-16
0.03,star,14,1.2105167400637031,13,13,9.754097529679484e-10,2.220446049250313e-16
0.03,star,14,1.2105167400637031,13,13,9.754097529679484e-10,2.220446049250313e-16
0.03,star,14,1.3175938987451605,13,13,1.8792030154202166e-09,2.220446049250313e-16
0.03,star,14,1.3175938987451605,13,13,1.8792030154202166e-09,2.220446049250313e-16
0.03,star,14,1.3175938987451605,13,13,1.749580258447736e-09,2.220446049250313e-16
0.03,star,14,1.3175938987451605,13,13,1.749580258447736e-09,2.220446049250313e-16
0.03,star,14,1.3868618907576982,13,13,2.457271719435994e-09,2.220446049250313e-16
0.03,star,14,1.3868618907576982,13,13,2.457271719435994e-09,2.220446049250313e-16
0.03,star,14,1.3868618907576982,13,13,2.299059387311786e-09,2.220446049250313e-16
0.03,star,14,1.3868618907576982,13,13,2.299059387311786e-09,2.220446049250313e-16
0.03,non-periodic,14,1.212278475144471,14,14,6.53178400256138e-10,2.220446049250313e-16
0.03,non-periodic,14,1.212278475144471,14,14,6.53178400256138e-10,2.220446049250313e-16
0.03,non-periodic,14,1.3275987950954102,14,14,2.1953701079269194e-09,0.0
0.03,non-periodic,14,1.3275987950954102,14,14,2.1953701079269194e-09,0.0
0.03,non-periodic,14,1.4112534033818815,14,14,2.8820710262777993e-09,0.0
0.03,non-periodic,14,1.4112534033818815,14,14,2.8820710262777993e-09,0.0
0.03,non-periodic,14,1.4550173027559246,14,14,3.213042054639459e-09,0.0
0.03,non-periodic,14,1.4550173027559246,14,14,3.213042054639459e-09,0.0
0.03,non-periodic,14,1.2077584559931285,12,12,7.239924215696192e-10,4.440892098500626e-16
0.03,non-periodic,14,1.2077584559931285,12,12,7.239924215696192e-10,4.440892098500626e-16
0.03,non-periodic,14,1.3039586383884356,12,12,1.329592658194656e-09,0.0
0.03,non-periodic,14,1.3039586383884356,12,12,1.329592658194656e-09,0.0
0.03,non-periodic,14,1.355213184295059,12,12,1.7893686532488573e-09,0.0
0.03,non-periodic,14,1.355213184295059,12,12,1.7893686532488573e-09,0.0
0.03,star,15,1.2231203398023527,14,14,9.751066620822257e-11,4.440892098500626e-16
0.03,star,15,1.2231203398023527,14,14,9.751066620822257e-11,4.440892098500626e-16
0.03,star,15,1.2231203398023527,14,14,9.638134734757386e-10,0.0
0.03,star,15,1.2231203398023527,14,14,9.638134734757386e-10,0.0
0.03,polygon,15,1.3425791410564967,14,14,1.8446768557112136e-09,0.0
0.03,polygon,15,1.3425791410564967,14,14,1.8446768557112136e-09,0.0
0.03,polygon,15,1.3425791410564967,14,14,2.012815691898595e-09,0.0
0.03,polygon,15,1.3425791410564967,14,14,2.012815691898595e-09,0.0
0.03,star,15,1.4289894273062393,14,14,2.7482907061227024e-09,0.0
0.03,star,15,1.4289894273062393,14,14,2.7482907061227024e-09,0.0
0.03,star,15,1.4289894273062393,14,14,2.6760131888181604e-09,2.220446049250313e-16
0.03,star,15,1.4289894273062393,14,14,2.6760131888181604e-09,2.220446049250313e-16
0.03,star,15,1.4741401281471542,14,14,3.032565087934813e-09,2.220446049250313e-16
0.03,star,15,1.4741401281471542,14,14,3.032565087934813e-09,2.220446049250313e-16
0.03,star,15,1.4741401281471542,14,14,2.9384703559287573e-09,0.0
0.03,star,15,1.4741401281471542,14,14,2.9384703559287573e-09,0.0
0.03,radial line,16,1.550349637984929,15,15,3.656824398845515e-09,2.220446049250313e-16
0.03,radial line,16,1.550349637984929,15,15,3.6236884604079478e-09,0.0
0.03,polygon,16,1.2336093384860543,15,15,1.1632584895338027e-09,2.220446049250313e-16
0.03,polygon,16,1.2336093384860543,15,15,1.1632584895338027e-09,2.220446049250313e-16
0.03,polygon,16,1.2336093384860543,15,15,2.0727819460830688e-09,0.0
0.03,polygon,16,1.2336093384860543,15,15,2.0727819460830688e-09,0.0
0.03,star,16,1.363539214394686,15,15,1.900627877304828e-09,4.440892098500626e-16
0.03,star,16,1.363539214394686,15,15,1.900627877304828e-09,4.440892098500626e-16
0.03,star,16,1.363539214394686,15,15,1.890527734360603e-09,4.440892098500626e-16
0.03,star,16,1.363539214394686,15,15,1.890527734360603e-09,4.440892098500626e-16
0.03,star,16,1.4646887392193773,15,15,2.8644469018956897e-09,2.220446049250313e-16
0.03,star,16,1.4646887392193773,15,15,2.8644469018956897e-09,2.220446049250313e-16
0.03,star,16,1.4646887392193773,15,15,2.9779536614427116e-09,4.440892098500626e-16
0.03,star,16,1.4646887392193773,15,15,2.9779536614427116e-09,4.440892098500626e-16
0.03,star,16,1.5285488480032925,15,15,3.4337168663967077e-09,2.220446049250313e-16
0.03,star,16,1.5285488480032925,15,15,3.4337168663967077e-09,2.220446049250313e-16
0.03,star,16,1.5285488480032925,15,15,3.4093625700393204e-09,4.440892098500626e-16
0.03,star,16,1.5285488480032925,15,15,3.4093625700393204e-09,4.440892098500626e-16
0.03,non-periodic,16,1.233702194250231,16,16,1.972638274949645e-09,2.220446049250313e-16
0.03,non-periodic,16,1.233702194250231,16,16,1.972638274949645e-09,2.220446049250313e-16
0.03,non-periodic,16,1.3679570023873753,16,16,1.9927681726983337e-09,1.3322676295501878e-15
0.03,non-periodic,16,1.3679570023873753,16,16,1.9927681726983337e-09,1.3322676295501878e-15
0.03,non-periodic,16,1.4785404001582578,16,16,3.239407631028257e-09,0.0
0.03,non-periodic,16,1.4785404001582578,16,16,3.239407631028257e-09,0.0
0.03,non-periodic,16,1.5566355395961715,16,16,4.0148877555878926e-09,4.440892098500626e-16
0.03,non-periodic,16,1.5566355395961715,16,16,4.0148877555878926e-09,4.440892098500626e-16
0.03,non-periodic,16,1.5969466035271065,16,16,4.429530520155822e-09,2.220446049250313e-16
0.03,non-periodic,16,1.5969466035271065,16,16,4.429530520155822e-09,2.220446049250313e-16
0.03,non-periodic,16,1.2333864657156681,14,14,1.8219514785755564e-09,2.220446049250313e-16
0.03,non-periodic,16,1.2333864657156681,14,14,1.8219514785755564e-09,2.220446049250313e-16
0.03,non-periodic,16,1.3574282284339527,14,14,1.8002255242066667e-09,4.440892098500626e-16
0.03,non-periodic,16,1.3574282284339527,14,14,1.8002255242066667e-09,4.440892098500626e-16
0.03,non-periodic,16,1.446755142904743,14,14,2.477787530708042e-09,2.220446049250313e-16
0.03,non-periodic,16,1.446755142904743,14,14,2.477787530708042e-09,2.220446049250313e-16
0.03,non-periodic,16,1.49335951361767,14,14,2.779156904608726e-09,4.440892098500626e-16
0.03,non-periodic,16,1.49335951361767,14,14,2.779156904608726e-09,4.440892098500626e-16
0.03,star,17,1.3812607273533302,16,16,1.3361871609163245e-09,2.220446049250313e-16
0.03,star,17,1.3812607273533302,16,16,1.3361871609163245e-09,2.220446049250313e-16
0.03,star,17,1.3812607273533302,16,16,1.9565373765573213e-09,4.440892098500626e-16
0.03,star,17,1.3812607273533302,16,16,1.9565373765573213e-09,4.440892098500626e-16
0.03,star,17,1.49511186084768,16,16,3.0647773208158924e-09,4.440892098500626e-16
0.03,star,17,1.49511186084768,16,16,3.0647773208158924e-09,4.440892098500626e-16
0.03,star,17,1.49511186084768,16,16,3.202585974193539e-09,2.220446049250313e-16
0.03,star,17,1.49511186084768,16,16,3.202585974193539e-09,2.220446049250313e-16
0.03,star,17,1.57537870845139,16,16,3.793914959970834e-09,0.0
0.03,star,17,1.57537870845139,16,16,3.793914959970834e-09,0.0
0.03,star,17,1.57537870845139,16,16,3.881776455827435e-09,2.220446049250313e-16
0.03,star,17,1.57537870845139,16,16,3.881776455827435e-09,2.220446049250313e-16
0.03,star,17,1.6167780903073514,16,16,4.194239178190173e-09,0.0
0.03,star,17,1.6167780903073514,16,16,4.194239178190173e-09,0.0
0.03,star,17,1.6167780903073514,16,16,4.108920981238384e-09,2.220446049250313e-16
0.03,star,17,1.6167780903073514,16,16,4.108920981238384e-09,2.220446049250313e-16
0.03,radial line,18,1.6947082344757756,17,17,4.7526267366038155e-09,4.440892098500626e-16
0.03,radial line,18,1.6947082344757756,17,17,4.854398660825154e-09,2.220446049250313e-16
0.03,star,18,1.3963568641087036,17,17,1.2736240950772526e-09,0.0
0.03,star,18,1.3963568641087036,17,17,1.2736240950772526e-09,0.0
0.03,star,18,1.3963568641087036,17,17,1.903882385079214e-09,2.220446049250313e-16
0.03,star,18,1.3963568641087036,17,17,1.903882385079214e-09,2.220446049250313e-16
0.03,polygon,18,1.5211926242261367,17,17,3.0664322192563986e-09,4.440892098500626e-16
0.03,polygon,18,1.5211926242261367,17,17,3.0664322192563986e-09,4.440892098500626e-16
0.03,polygon,18,1.5211926242261367,17,17,3.1307492154297734e-09,4.440892098500626e-16
0.03,polygon,18,1.5211926242261367,17,17,3.1307492154297734e-09,4.440892098500626e-16
0.03,star,18,1.615839530188798,17,17,4.004383935551914e-09,4.440892098500626e-16
0.03,star,18,1.615839530188798,17,17,4.004383935551914e-09,4.440892098500626e-16
0.03,star,18,1.615839530188798,17,17,4.182849844269754e-09,6.661338147750939e-16
0.03,star,18,1.615839530188798,17,17,4.182849844269754e-09,6.661338147750939e-16
0.03,star,18,1.674733375574825,17,17,4.566771183434071e-09,2.220446049250313e-16
0.03,star,18,1.674733375574825,17,17,4.566771183434071e-09,2.220446049250313e-16
0.03,star,18,1.674733375574825,17,17,4.604408188058073e-09,4.440892098500626e-16
0.03,star,18,1.674733375574825,17,17,4.604408188058073e-09,4.440892098500626e-16
0.03,non-periodic,18,1.3977903715636744,18,18,9.720930727041832e-10,2.220446049250313e-16
0.03,non-periodic,18,1.3977903715636744,18,18,9.720930727041832e-10,2.220446049250313e-16
0.03,non-periodic,18,1.528567545167214,18,18,3.30304872342424e-09,2.220446049250313e-16
0.03,non-periodic,18,1.528567545167214,18,18,3.30304872342424e-09,2.220446049250313e-16
0.03,non-periodic,18,1.6332025457597568,18,18,4.551933940888375e-09,4.440892098500626e-16
0.03,non-periodic,18,1.6332025457597568,18,18,4.551933940888375e-09,4.440892098500626e-16
0.03,non-periodic,18,1.705918641720823,18,18,5.240753830904055e-09,2.220446049250313e-16
0.03,non-periodic,18,1.705918641720823,18,18,5.240753830904055e-09,2.220446049250313e-16
0.03,non-periodic,18,1.743139318405216,18,18,5.572474703896546e-09,8.881784197001252e-16
0.03,non-periodic,18,1.743139318405216,18,18,5.572474703896546e-09,8.881784197001252e-16
0.03,non-periodic,18,1.3942612756651334,16,16,1.6974948113812616e-09,2.220446049250313e-16
0.03,non-periodic,18,1.3942612756651334,16,16,1.6974948113812616e-09,2.220446049250313e-16
0.03,non-periodic,18,1.5116052041827117,16,16,2.9609470431068985e-09,2.220446049250313e-16
0.03,non-periodic,18,1.5116052041827117,16,16,2.9609470431068985e-09,2.220446049250313e-16
0.03,non-periodic,18,1.5941495771925296,16,16,3.662173453378159e-09,4.440892098500626e-16
0.03,non-periodic,18,1.5941495771925296,16,16,3.662173453378159e-09,4.440892098500626e-16
0.03,non-periodic,18,1.6366834008602111,16,16,4.0326828543157944e-09,0.0
0.03,non-periodic,18,1.6366834008602111,16,16,4.0326828543157944e-09,0.0
0.03,star,19,1.4093079807224826,18,18,8.02813371336697e-11,4.440892098500626e-16
0.03,star,19,1.4093079807224826,18,18,8.02813371336697e-11,4.440892098500626e-16
0.03,star,19,1.4093079807224826,18,18,2.1247832382442766e-09,4.440892098500626e-16
0.03,star,19,1.4093079807224826,18,18,2.1247832382442766e-09,4.440892098500626e-16
0.03,star,19,1.543683419736182,18,18,2.941044963122863e-09,0.0
0.03,star,19,1.543683419736182,18,18,2.941044963122863e-09,0.0
0.03,star,19,1.543683419736182,18,18,3.264073900055564e-09,0.0
0.03,star,19,1.543683419736182,18,18,3.264073900055564e-09,0.0
0.03,star,19,1.6509512684573149,18,18,4.236658801559656e-09,2.220446049250313e-16
0.03,star,19,1.6509512684573149,18,18,4.236658801559656e-09,2.220446049250313e-16
0.03,star,19,1.6509512684573149,18,18,4.395864561246299e-09,0.0
0.03,star,19,1.6509512684573149,18,18,4.395864561246299e-09,0.0
0.03,star,19,1.7254155697417077,18,18,4.957229737811986e-09,2.220446049250313e-16
0.03,star,19,1.7254155697417077,18,18,4.957229737811986e-09,2.220446049250313e-16
0.03,star,19,1.7254155697417077,18,18,5.223549592869858e-09,6.661338147750939e-16
0.03,star,19,1.7254155697417077,18,18,5.223549592869858e-09,6.661338147750939e-16
0.03,star,19,1.7635106364734563,18,18,5.3719693138276625e-09,6.661338147750939e-16
0.03,star,19,1.7635106364734563,18,18,5.3719693138276625e-09,6.661338147750939e-16
0.03,star,19,1.7635106364734563,18,18,5.5027460366119385e-09,6.661338147750939e-16
0.03,star,19,1.7635106364734563,18,18,5.5027460366119385e-09,6.661338147750939e-16
0.03,radial line,20,1.8427153876819937,19,19,6.009268638251797e-09,8.881784197001252e-16
0.03,radial line,20,1.8427153876819937,19,19,6.262907303877796e-09,6.661338147750939e-16
0.03,polygon,20,1.420492872210206,19,19,1.3303027568412062e-09,6.661338147750939e-16
0.03,polygon,20,1.420492872210206,19,19,1.3303027568412062e-09,6.661338147750939e-16
0.03,polygon,20,1.420492872210206,19,19,2.970295565063452e-09,2.220446049250313e-16
0.03,polygon,20,1.420492872210206,19,19,2.970295565063452e-09,2.220446049250313e-16
0.03,star,20,1.5631902043097003,19,19,2.4915651763990354e-09,2.220446049250313e-16
0.03,star,20,1.5631902043097003,19,19,2.4915651763990354e-09,2.220446049250313e-16
0.03,star,20,1.5631902043097003,19,19,3.178441954077016e-09,2.220446049250313e-16
0.03,star,20,1.5631902043097003,19,19,3.178441954077016e-09,2.220446049250313e-16
0.03,star,20,1.681561928865116,19,19,4.301204725720709e-09,6.661338147750939e-16
0.03,star,20,1.681561928865116,19,19,4.301204725720709e-09,6.661338147750939e-16
0.03,star,20,1.681561928865116,19,19,4.6801209574454106e-09,2.220446049250313e-16
0.03,star,20,1.681561928865116,19,19,4.6801209574454106e-09,2.220446049250313e-16
0.03,star,20,1.7698767230657064,19,19,5.368937738836621e-09,2.220446049250313e-16
0.03,star,20,1.7698767230657064,19,19,5.368937738836621e-09,2.220446049250313e-16
0.03,star,20,1.7698767230657064,19,19,5.521958001963867e-09,2.220446049250313e-16
0.03,star,20,1.7698767230657064,19,19,5.521958001963867e-09,2.220446049250313e-16
0.03,star,20,1.8243260860250459,19,19,5.781875866972541e-09,6.661338147750939e-16
0.03,star,20,1.8243260860250459,19,19,5.781875866972541e-09,6.661338147750939e-16
0.03,star,20,1.8243260860250459,19,19,6.074060365790501e-09,6.661338147750939e-16
0.03,star,20,1.8243260860250459,19,19,6.074060365790501e-09,6.661338147750939e-16
0.03,non-periodic,20,1.420601522979179,20,20,1.932455750974782e-09,6.661338147750939e-16
0.03,non-periodic,20,1.420601522979179,20,20,1.932455750974782e-09,6.661338147750939e-16
0.03,non-periodic,20,1.566652592701678,20,20,2.7615381092971347e-09,4.440892098500626e-16
0.03,non-periodic,20,1.566652592701678,20,20,2.7615381092971347e-09,4.440892098500626e-16
0.03,non-periodic,20,1.6918943491805245,20,20,4.819209031836635e-09,2.220446049250313e-16
0.03,non-periodic,20,1.6918943491805245,20,20,4.819209031836635e-09,2.220446049250313e-16
0.03,non-periodic,20,1.7903800939277372,20,20,5.9824025733234976e-09,2.220446049250313e-16
0.03,non-periodic,20,1.7903800939277372,20,20,5.9824025733234976e-09,2.220446049250313e-16
0.03,non-periodic,20,1.8581227120943937,20,20,6.6735073023238556e-09,2.220446049250313e-16
0.03,non-periodic,20,1.8581227120943937,20,20,6.6735073023238556e-09,2.220446049250313e-16
0.03,non-periodic,20,1.892606092801026,20,20,6.833562826713546e-09,4.440892098500626e-16
0.03,non-periodic,20,1.892606092801026,20,20,6.833562826713546e-09,4.440892098500626e-16
0.03,non-periodic,20,1.4202737094167592,18,18,1.9808179541058735e-09,6.661338147750939e-16
0.03,non-periodic,20,1.4202737094167592,18,18,1.9808179541058735e-09,6.661338147750939e-16
0.03,non-periodic,20,1.5586083315050894,18,18,2.8014295327949412e-09,6.661338147750939e-16
0.03,non-periodic,20,1.5586083315050894,18,18,2.8014295327949412e-09,6.661338147750939e-16
0.03,non-periodic,20,1.6686501388644421,18,18,4.1897219027475785e-09,0.0
0.03,non-periodic,20,1.6686501388644421,18,18,4.1897219027475785e-09,0.0
0.03,non-periodic,20,1.7449365244527983,18,18,4.831711475361544e-09,4.440892098500626e-16
0.03,non-periodic,20,1.7449365244527983,18,18,4.831711475361544e-09,4.440892098500626e-16
0.03,non-periodic,20,1.7839391827223288,18,18,5.3005653199988956e-09,2.220446049250313e-16
0.03,non-periodic,20,1.7839391827223288,18,18,5.3005653199988956e-09,2.220446049250313e-16
