distance_m,amplitude,theory_amplitude,error
0.0,1.0,1.0,0.0
0.02518987341772152,0.9739484012100887,0.9739484012100887,0.0
0.05037974683544304,0.948575488219688,0.948575488219688,0.0
0.07556962025316455,0.9238635801786446,0.9238635801786446,0.0
0.10075949367088607,0.8997954568512194,0.8997954568512194,0.0
0.1259493670886076,0.8763543466163466,0.8763543466163466,0.0
0.1511392405063291,0.8535239147805027,0.8535239147805027,0.0
0.17632911392405062,0.8312882521950465,0.8312882521950465,0.0
0.20151898734177215,0.8096318641700948,0.8096318641700948,0.0
0.22670886075949367,0.7885396596772076,0.7885396596772076,0.0
0.2518987341772152,0.7679969408333638,0.7679969408333638,0.0
0.2770886075949367,0.7479893926588937,0.7479893926588937,0.0
0.3022784810126582,0.7285030731022348,0.7285030731022348,0.0
0.32746835443037975,0.7095244033245579,0.7095244033245579,0.0
0.35265822784810125,0.6910401582374955,0.6910401582374955,0.0
0.3778481012658228,0.6730374572873754,0.6730374572873754,0.0
0.4030379746835443,0.6555037554795428,0.6555037554795428,0.0
0.4282278481012658,0.6384268346365096,0.6384268346365096,0.0
0.45341772151898735,0.6217947948838463,0.6217947948838463,0.0
0.47860759493670885,0.605596046357877,0.605596046357877,0.0
0.5037974683544304,0.5898193011294052,0.5898193011294052,0.0
0.5289873417721519,0.5744535653378361,0.5744535653378361,0.0
0.5541772151898734,0.5594881315302207,0.5594881315302207,0.0
0.5793670886075949,0.5449125711998782,0.5449125711998782,0.0
0.6045569620253164,0.5307167275194001,0.5307167275194001,0.0
0.629746835443038,0.5168907082629701,0.5168907082629701,0.0
0.6549367088607595,0.5034248789130702,0.5034248789130702,0.0
0.680126582278481,0.4903098559467672,0.4903098559467672,0.0
0.7053164556962025,0.4775365002969028,0.4775365002969028,0.0
0.730506329113924,0.4650959109836296,0.4650959109836296,0.0
0.7556962025316456,0.4529794189118557,0.4529794189118557,0.0
0.7808860759493671,0.44117858083027695,0.44117858083027695,0.0
0.8060759493670886,0.4296851734477842,0.4296851734477842,0.0
0.8312658227848101,0.418491187703149,0.418491187703149,0.0
0.8564556962025316,0.40758882318399314,0.40758882318399314,0.0
0.8816455696202532,0.3969704826911517,0.3969704826911517,0.0
0.9068354430379747,0.3866287669446444,0.3866287669446444,0.0
0.9320253164556962,0.3765564694275645,0.3765564694275645,0.0
0.9572151898734177,0.3667465713642921,0.3667465713642921,0.0
0.9824050632911392,0.35719223682953405,0.35719223682953405,0.0
1.0075949367088608,0.34788680798478,0.34788680798478,0.0
1.0327848101265822,0.3388238004388576,0.3388238004388576,0.0
1.0579746835443038,0.32999689872935156,0.32999689872935156,0.0
1.0831645569620254,0.3213999519217394,0.3213999519217394,0.0
1.1083544303797468,0.3130269693231776,0.3130269693231776,0.0
1.1335443037974684,0.30487211630794825,0.30487211630794825,0.0
1.1587341772151898,0.29692971025166254,0.29692971025166254,0.0
1.1839240506329114,0.28919421657138156,0.28919421657138156,0.0
1.2091139240506328,0.28166024486890123,0.28166024486890123,0.0
1.2343037974683544,0.2743225451745085,0.2743225451745085,0.0
1.259493670886076,0.26717600428859484,0.26717600428859484,0.0
1.2846835443037974,0.2602156422185768,0.2602156422185768,0.0
1.309873417721519,0.2534366087086393,0.2534366087086393,0.0
1.3350632911392404,0.24683417985988615,0.24683417985988615,0.0
1.360253164556962,0.24040375483853957,0.24040375483853957,0.0
1.3854430379746836,0.23414085266989773,0.23414085266989773,0.0
1.410632911392405,0.22804110911581388,0.22804110911581388,0.0
1.4358227848101266,0.22210027363352228,0.22210027363352228,0.0
1.461012658227848,0.2163142064136923,0.2163142064136923,0.0
1.4862025316455696,0.21067887549564474,0.21067887549564474,0.0
1.5113924050632912,0.2051903539577225,0.2051903539577225,0.0
1.5365822784810126,0.1998448171808561,0.1998448171808561,0.0
1.5617721518987342,0.19463854018341722,0.19463854018341722,0.0
1.5869620253164556,0.18956789502550483,0.18956789502550483,0.0
1.6121518987341772,0.18462934828085242,0.18462934828085242,0.0
1.6373417721518988,0.17981945857459683,0.17981945857459683,0.0
1.6625316455696202,0.17513487418519236,0.17513487418519236,0.0
1.6877215189873418,0.17057233070879815,0.17057233070879815,0.0
1.7129113924050632,0.1661286487845125,0.1661286487845125,0.0
1.7381012658227848,0.16180073187886826,0.16180073187886826,0.0
1.7632911392405064,0.157585564128046,0.157585564128046,0.0
1.7884810126582278,0.1534802082363003,0.1534802082363003,0.0
1.8136708860759494,0.14948180342913617,0.14948180342913617,0.0
1.8388607594936708,0.14558756345980797,0.14558756345980797,0.0
1.8640506329113924,0.14179477466775228,0.14179477466775228,0.0
1.889240506329114,0.13810079408760212,0.13810079408760212,0.0
1.9144303797468354,0.1345030476074638,0.1345030476074638,0.0
1.939620253164557,0.13099902817517375,0.13099902817517375,0.0
1.9648101265822784,0.12758629405128594,0.12758629405128594,0.0
1.99,0.12426246710757015,0.12426246710757015,0.0
