distance_after_mirror_m,width_m,theory_width_m,relative_field_error,width_error
0.0,0.21546502130442907,0.21546502130442907,3.4951566228642247e-16,0.0
0.02,0.21284810174193305,0.21284810174193308,1.338813331452496e-14,2.7755575615628914e-17
0.04,0.21023496012711979,0.21023496012711976,3.028853396835957e-14,2.7755575615628914e-17
0.06,0.2076257391058251,0.20762573910582505,1.5850759589787753e-14,5.551115123125783e-17
0.08,0.20502058836592432,0.2050205883659243,3.522137781847538e-15,2.7755575615628914e-17
0.1,0.20241966506162531,0.2024196650616253,4.244368845712884e-14,2.7755575615628914e-17
0.12,0.19982313426751291,0.1998231342675129,3.188670124168617e-14,2.7755575615628914e-17
0.14,0.1972311694646806,0.19723116946468058,1.4033015951867525e-14,2.7755575615628914e-17
0.16,0.19464395306148038,0.19464395306148038,6.965790001428794e-15,0.0
0.18,0.19206167695163748,0.19206167695163745,4.9691093136153467e-14,2.7755575615628914e-17
0.2,0.18948454311270788,0.18948454311270785,2.844048923125556e-14,2.7755575615628914e-17
0.22,0.18691276424810932,0.18691276424810932,2.135800611049989e-14,0.0
0.24,0.184346564476228,0.18434656447622796,6.38304105766661e-14,2.7755575615628914e-17
0.26,0.18178618007040034,0.18178618007040032,6.398309826914748e-14,2.7755575615628914e-17
0.28,0.17923186025388763,0.17923186025388757,2.8215882823176243e-14,5.551115123125783e-17
0.3,0.17668386805430575,0.1766838680543057,2.848181293246077e-14,5.551115123125783e-17
0.32,0.1741424812223447,0.17414248122234469,4.2825877073283073e-14,2.7755575615628914e-17
0.34,0.17160799322001055,0.17160799322001052,1.4351534206935436e-14,2.7755575615628914e-17
0.36,0.16908071428405083,0.16908071428405083,1.4248715875319982e-14,0.0
0.38,0.16656097257068248,0.16656097257068248,2.8505857271451876e-14,0.0
0.4,0.16404911538822625,0.16404911538822628,5.694668230820034e-14,2.7755575615628914e-17
0.42,0.16154551052477026,0.16154551052477023,4.321845231099121e-16,2.7755575615628914e-17
0.44,0.1590505476785254,0.1590505476785254,1.4229897887704917e-14,0.0
0.46,0.15656463999910789,0.15656463999910786,2.8450699831045824e-14,2.7755575615628914e-17
0.48,0.15408822574857162,0.1540882257485716,1.4064746894435132e-14,2.7755575615628914e-17
0.5,0.15162177009162114,0.15162177009162114,6.83376559279679e-16,0.0
0.52,0.1491657670250491,0.14916576702504908,1.4300979480946646e-14,2.7755575615628914e-17
0.54,0.14672074145705225,0.14672074145705222,2.857108806743721e-14,2.7755575615628914e-17
0.56,0.14428725144767382,0.14428725144767382,5.702677589439687e-14,0.0
0.58,0.14186589062217347,0.14186589062217345,7.088854518291848e-14,2.7755575615628914e-17
0.6,0.13945729076961827,0.13945729076961827,5.6716862408956096e-14,0.0
0.62,0.13706212463938527,0.13706212463938525,2.8339089692413744e-14,2.7755575615628914e-17
0.64,0.13468110894852348,0.13468110894852342,2.8175586492110702e-14,5.551115123125783e-17
0.66,0.1323150076129947,0.1323150076129947,7.030704295532937e-16,0.0
0.68,0.12996463521562623,0.1299646352156262,2.8568369572908196e-14,2.7755575615628914e-17
0.7000000000000001,0.12763086072308644,0.1276308607230864,8.507125181779397e-14,2.7755575615628914e-17
0.72,0.12531461146323733,0.1253146114632373,2.860385784006781e-14,2.7755575615628914e-17
0.74,0.12301687737269835,0.12301687737269834,5.6780673834638905e-14,1.3877787807814457e-17
0.76,0.12073871552223021,0.12073871552223019,5.706117879565591e-14,2.7755575615628914e-17
0.78,0.11848125492442971,0.11848125492442968,2.8317743576993798e-14,2.7755575615628914e-17
0.8,0.11624570162401066,0.11624570162401061,1.139478864961742e-13,4.163336342344337e-17
0.8200000000000001,0.11403334406536741,0.11403334406536739,3.050746892527388e-16,2.7755575615628914e-17
0.84,0.11184555872489335,0.11184555872489334,3.548622542142124e-16,1.3877787807814457e-17
0.86,0.10968381598630589,0.10968381598630585,2.868924311082772e-14,4.163336342344337e-17
0.88,0.10754968622563803,0.107549686225638,2.844264399510971e-14,2.7755575615628914e-17
0.9,0.10544484605816314,0.10544484605816311,5.706280390464441e-14,2.7755575615628914e-17
0.92,0.1033710846818751,0.10337108468187509,5.714981744600623e-14,1.3877787807814457e-17
0.9400000000000001,0.10133031023078046,0.10133031023078043,2.835726746461138e-14,2.7755575615628914e-17
0.96,0.09932455602571891,0.09932455602571888,2.8205345893704192e-14,2.7755575615628914e-17
0.98,0.09735598658031912,0.09735598658031909,2.819013931573814e-14,2.7755575615628914e-17
1.0,0.09542690318473886,0.09542690318473883,4.465009205380927e-16,2.7755575615628914e-17
1.02,0.09353974884995636,0.09353974884995635,2.868517916423293e-14,1.3877787807814457e-17
1.04,0.09169711235081204,0.09169711235081203,2.858625648664522e-14,1.3877787807814457e-17
1.06,0.08990173105743363,0.08990173105743361,5.70978731072907e-14,1.3877787807814457e-17
1.08,0.0881564921934281,0.08815649219342807,5.648901134994075e-14,2.7755575615628914e-17
1.1,0.08646443210741579,0.08646443210741575,2.8247705998506635e-14,4.163336342344337e-17
1.12,0.08482873309526096,0.08482873309526093,4.538865294331027e-16,2.7755575615628914e-17
1.1400000000000001,0.08325271726807043,0.08325271726807042,1.7294587442403573e-16,1.3877787807814457e-17
1.16,0.08173983693138048,0.08173983693138046,2.7977507054258385e-14,2.7755575615628914e-17
1.18,0.08029366093099263,0.0802936609309926,3.543129164485763e-16,2.7755575615628914e-17
1.2,0.07891785643892575,0.07891785643892574,1.1324009226971457e-13,1.3877787807814457e-17
1.22,0.07761616570798716,0.07761616570798714,2.888789054908071e-14,1.3877787807814457e-17
1.24,0.07639237742462067,0.07639237742462064,5.64362801093027e-14,2.7755575615628914e-17
1.26,0.07525029244489889,0.07525029244489888,5.73937099716791e-14,1.3877787807814457e-17
1.28,0.07419368391299266,0.07419368391299264,5.6579392835405976e-14,2.7755575615628914e-17
1.3,0.07322625203573147,0.07322625203573145,1.141796657920723e-13,1.3877787807814457e-17
1.32,0.07235157411488026,0.07235157411488025,3.385318329164898e-16,1.3877787807814457e-17
1.34,0.07157305080603105,0.07157305080603103,4.644076723522544e-16,1.3877787807814457e-17
1.36,0.07089384995572982,0.07089384995572981,5.60888028957827e-14,1.3877787807814457e-17
1.3800000000000001,0.0703168497338263,0.0703168497338263,5.723350773892845e-14,0.0
1.4000000000000001,0.06984458308641142,0.06984458308641141,5.642527060989975e-14,1.3877787807814457e-17
1.42,0.06947918574379591,0.0694791857437959,5.73084687982903e-14,1.3877787807814457e-17
1.44,0.06922235008874156,0.06922235008874154,5.637615803781768e-14,1.3877787807814457e-17
1.46,0.06907528709369835,0.06907528709369834,5.639476611819027e-14,1.3877787807814457e-17
1.48,0.06903869825993639,0.06903869825993639,6.010058553355372e-16,0.0
1.5,0.06911275904532667,0.06911275904532664,7.610344756028706e-16,2.7755575615628914e-17
1.52,0.06929711468285936,0.06929711468285936,6.980291030967216e-16,0.0
1.54,0.06959088862029632,0.06959088862029632,5.745428760327325e-14,0.0
1.56,0.06999270311708755,0.06999270311708755,5.746432223797727e-14,0.0
1.58,0.07050071088572206,0.07050071088572206,5.650895607556742e-14,0.0
1.6,0.07111263612206148,0.07111263612206149,9.228404670294304e-16,1.3877787807814457e-17
1.62,0.07182582287831045,0.07182582287831045,4.660478048937757e-16,0.0
1.6400000000000001,0.07263728851729852,0.07263728851729852,6.128202729712642e-16,0.0
1.6600000000000001,0.07354377994926051,0.07354377994926053,9.826044632836266e-16,2.7755575615628914e-17
1.68,0.07454183047381104,0.07454183047381104,7.255062679325224e-16,0.0
1.7,0.07562781529720833,0.07562781529720833,1.1348093308106336e-13,0.0
1.72,0.07679800412739954,0.07679800412739954,5.754307196634732e-14,0.0
1.74,0.0780486096247501,0.07804860962475012,5.6191188659381037e-14,1.3877787807814457e-17
1.76,0.07937583086709922,0.07937583086709923,5.740273015320546e-14,1.3877787807814457e-17
1.78,0.08077589134394736,0.08077589134394737,5.644771713961589e-14,1.3877787807814457e-17
1.8,0.08224507130556324,0.08224507130556326,1.1411165231133236e-13,1.3877787807814457e-17
1.82,0.08377973454712255,0.08377973454712255,5.675473307863666e-16,0.0
1.84,0.08537634990204604,0.08537634990204605,7.755601316360225e-16,1.3877787807814457e-17
1.86,0.08703150785484542,0.08703150785484544,5.670374881069699e-14,1.3877787807814457e-17
1.8800000000000001,0.08874193276834005,0.08874193276834007,5.747316137623218e-14,1.3877787807814457e-17
1.9000000000000001,0.0905044912615628,0.09050449126156282,5.6715307207182285e-14,1.3877787807814457e-17
1.92,0.09231619728221666,0.09231619728221668,5.755127658228705e-14,2.7755575615628914e-17
1.94,0.09417421440004235,0.09417421440004237,5.612502961004859e-14,1.3877787807814457e-17
1.96,0.09607585581280181,0.09607585581280184,5.6338045624154834e-14,2.7755575615628914e-17
1.98,0.09801858251138186,0.09801858251138187,8.021252289489428e-16,1.3877787807814457e-17
