degrees,polarization,R,T,theory_R,reflection_error,balance_error,snell_error
0,s,0.11111111111111109,0.8888888888888891,0.1111111111111111,1.3877787807814457e-17,2.220446049250313e-16,0.0
0,p,0.11111111111111109,0.8888888888888887,0.1111111111111111,1.3877787807814457e-17,2.220446049250313e-16,0.0
10,s,0.11454557997889622,0.8854544200211037,0.11454557997889622,0.0,0.0,1.3877787807814457e-17
10,p,0.10771599997760903,0.8922840000223908,0.10771599997760896,6.938893903907228e-17,1.1102230246251565e-16,1.3877787807814457e-17
30,s,0.14589803375031543,0.8541019662496846,0.1458980337503154,2.7755575615628914e-17,0.0,0.0
30,p,0.08000958314107984,0.9199904168589201,0.08000958314107987,2.7755575615628914e-17,0.0,0.0
45,s,0.20377661238703051,0.7962233876129696,0.20377661238703051,0.0,2.220446049250313e-16,5.551115123125783e-17
45,p,0.041524907755934135,0.9584750922440662,0.04152490775593412,1.3877787807814457e-17,4.440892098500626e-16,5.551115123125783e-17
63.43494882292201,s,0.3599999999999999,0.6400000000000005,0.3599999999999998,5.551115123125783e-17,4.440892098500626e-16,5.551115123125783e-17
63.43494882292201,p,1.5407439555097884e-32,1.0000000000000004,1.540743955509788e-32,2.7369110631344083e-48,4.440892098500626e-16,5.551115123125783e-17
70,s,0.45620336450545323,0.543796635494547,0.45620336450545357,3.3306690738754696e-16,2.220446049250313e-16,5.551115123125783e-17
70,p,0.01608457952529735,0.9839154204747029,0.01608457952529737,2.0816681711721685e-17,2.220446049250313e-16,5.551115123125783e-17
80,s,0.6700824511262136,0.3299175488737863,0.6700824511262137,1.1102230246251565e-16,1.1102230246251565e-16,5.551115123125783e-17
80,p,0.1845296097212022,0.8154703902787979,0.18452960972120214,5.551115123125783e-17,0.0,5.551115123125783e-17
