z_m,radius_m,actual_real,actual_imag,theory_real,theory_imag,relative_error
0.001,0,47.22425334073087,-151.32429848168894,47.224253340729035,-151.3242984816895,1.2107526253829743e-14
0.001,0.0690798276814956,7.91645954129094,-123.20285628791352,7.916459541289459,-123.20285628791362,1.2019830399024683e-14
0.001,0.1381596553629912,-35.330611566584984,-46.39624648496019,-35.33061156658554,-46.396246484959775,1.1843103543596565e-14
0.001,0.2763193107259824,1.0476786914785519,2.70781607759642,1.0476786914785827,2.7078160775964095,1.1246233840663693e-14
0.03424166666666667,0,132.790540625004,-91.12630778556637,132.79054062500512,-91.1263077855647,1.2407772873172939e-14
0.03424166666666667,0.06799511296493703,84.47771146745845,-92.71085773601601,84.47771146745959,-92.71085773601493,1.2502115075406037e-14
0.03424166666666667,0.13599022592987406,2.8292332735338523,-59.17965498677404,2.8292332735345944,-59.17965498677397,1.2582307576482537e-14
0.03424166666666667,0.2719804518597481,-1.2151238298309277,2.6878391905584915,-1.2151238298309606,2.687839190558472,1.2961438587414656e-14
0.06748333333333334,0,163.26826222108227,10.61007524447831,163.26826222108218,10.61007524447973,8.701290088887141e-15
0.06748333333333334,0.06693040749417235,125.8430247791395,-19.99531142544386,125.84302477913967,-19.99531142544276,8.718726824502711e-15
0.06748333333333334,0.1338608149883447,40.843155771219976,-44.211313500930785,40.843155771220374,-44.21131350093043,8.862439833526255e-15
0.06748333333333334,0.2677216299766894,-2.8118947322506194,1.035992452016496,-2.81189473225063,1.035992452016471,9.097061370467885e-15
0.10072500000000001,0,123.77783781365378,110.91877470559017,123.7778378136565,110.91877470558708,2.4773969294004843e-14
0.10072500000000001,0.06588668130335126,112.57903792806704,63.8805081432364,112.57903792806862,63.88050814323361,2.472939535070129e-14
0.10072500000000001,0.13177336260670253,60.64699967703061,-7.7738993901730815,60.64699967703041,-7.773899390174584,2.4792778950779768e-14
0.10072500000000001,0.26354672521340505,-2.7546399065707017,-1.2956675382715879,-2.7546399065707363,-1.2956675382715193,2.5248446359190744e-14
0.13396666666666668,0,29.383038448142695,166.24580360179343,29.383038448142713,166.24580360179334,5.159019450416917e-16
0.13396666666666668,0.06486494711795258,48.9568763132553,122.02447659915444,48.95687631325529,122.02447659915435,6.507550492296741e-16
0.13396666666666668,0.12972989423590517,52.306477281312034,33.484734195638325,52.306477281312,33.48473419563828,8.935509570559947e-16
0.13396666666666668,0.25945978847181034,-1.0284330975944718,-2.916051412509625,-1.0284330975944722,-2.91605141250962,1.5863455154698748e-15
0.16720833333333335,0,-80.64481784330626,151.31345850779078,-80.64481784330944,151.313458507789,2.130072207829203e-14
0.16720833333333335,0.0638662604328153,-38.311801550481654,127.92111878345149,-38.31180155048436,127.92111878345062,2.128707645802703e-14
0.16720833333333335,0.1277325208656306,18.943939006320278,60.165575281575265,18.943939006318978,60.16557528157564,2.1461356768429998e-14
0.16720833333333335,0.2554650417312612,1.3728638738997738,-2.8244694691598333,1.3728638738998344,-2.8244694691598022,2.1692570416855346e-14
0.20045000000000002,0,-159.19037243701942,70.5404244863758,-159.19037243701888,70.5404244863769,7.081302126951511e-15
0.20045000000000002,0.06289171920325913,-111.31340743657313,77.44568722384881,-111.31340743657258,77.4456872238496,7.151548008015889e-15
0.20045000000000002,0.12578343840651826,-24.3939714330803,59.228077362625314,-24.393971433079873,59.228077362625484,7.16833098966358e-15
0.20045000000000002,0.2515668768130365,3.0196359075549966,-1.0257660474331929,3.0196359075549917,-1.025766047433215,7.129101183506734e-15
0.2336916666666667,0,-171.45338904095215,-43.09990623063478,-171.4533890409527,-43.099906230632314,1.427717205423134e-14
0.2336916666666667,0.06194246308166145,-137.40519701844187,-8.731558725102436,-137.40519701844195,-8.731558725100488,1.4166870633384448e-14
0.2336916666666667,0.1238849261633229,-57.536572157410035,30.319857248164972,-57.53657215740961,30.319857248165782,1.407455012862653e-14
0.2336916666666667,0.2477698523266458,2.897344630510215,1.445648052107599,2.897344630510235,1.4456480521075605,1.3372842486100168e-14
0.26693333333333336,0,-110.27854695874166,-141.58019300086875,-110.27854695873962,-141.58019300087034,1.4383369106519472e-14
0.26693333333333336,0.06101967212724423,-103.7602002940074,-93.63725039280013,-103.76020029400607,-93.63725039280162,1.432926446251984e-14
0.26693333333333336,0.12203934425448847,-64.57649185058622,-13.730500597705353,-64.57649185058604,-13.730500597706282,1.434752581470995e-14
0.26693333333333336,0.24407868850897693,1.028745852084948,3.12180957359108,1.0287458520849038,3.1218095735910967,1.4390158107029466e-14
0.300175,0,0.07024861831505336,-182.132885578285,0.07024861831632734,-182.13288557828494,7.0017467305647365e-15
0.300175,0.060124564913367796,-23.51800413628961,-139.88201048734152,-23.51800413628862,-139.88201048734166,7.034607815703181e-15
0.300175,0.12024912982673559,-41.47307909718506,-52.624888645042326,-41.47307909718468,-52.624888645042596,6.915824701145333e-15
0.300175,0.24049825965347119,-1.5128353771165441,2.973117426630481,-1.5128353771165646,2.9731174266304694,7.034244426368684e-15
0.3334166666666667,0,113.57501612219616,-145.7736100366485,113.57501612219615,-145.77361003664848,1.7195497522539808e-16
0.3334166666666667,0.05925839595482793,69.35835066543481,-126.10302927987136,69.35835066543481,-126.10302927987134,1.9748465693981149e-16
0.3334166666666667,0.11851679190965586,1.7522944282181658,-67.9597317091195,1.7522944282181818,-67.95973170911951,3.1464311991953427e-16
0.3334166666666667,0.23703358381931172,-3.221521189438174,1.0380710727293054,-3.221521189438177,1.0380710727293048,8.114717641577825e-16
0.36665833333333336,0,181.70121443382678,-46.02331306235998,181.70121443382675,-46.023313062359975,1.5629824461174834e-16
0.36665833333333336,0.05842245237807595,134.50172392565077,-56.73461945648761,134.50172392565074,-56.73461945648759,2.1767986433040216e-16
0.36665833333333336,0.1168449047561519,45.38200113141927,-51.91601862426438,45.382001131419266,-51.91601862426438,1.0304433519927488e-16
0.36665833333333336,0.2336898095123038,-3.051423800846017,-1.5731437313096757,-3.0514238008460173,-1.5731437313096774,5.333496880768316e-16
0.39990000000000003,0,174.14355740237818,76.12712521148985,174.14355740237812,76.12712521148984,3.082924344650351e-16
0.39990000000000003,0.057618049760556234,142.6945812408115,39.331198633151146,142.69458124081146,39.331198633151146,1.920180357088688e-16
0.39990000000000003,0.11523609952111247,69.01867617259536,-11.176363975373011,69.01867617259535,-11.176363975373,2.540638654910052e-16
0.39990000000000003,0.23047219904222493,-1.054324807109546,-3.3174917311320486,-1.0543248071095455,-3.3174917311320495,2.8526688379534335e-16
0.4331416666666667,0,92.2089653289962,169.13295701385312,92.20896532899377,169.13295701385437,1.4187197062158133e-14
0.4331416666666667,0.05684652707213794,88.9156297402124,120.83635095174725,88.91562974021065,120.83635095174847,1.4216405743815716e-14
0.4331416666666667,0.11369305414427588,61.1184027166528,35.86953441985768,61.11840271665227,35.86953441985854,1.427355967460298e-14
0.4331416666666667,0.22738610828855177,1.6252347580724165,-3.1316306106511203,1.6252347580724649,-3.1316306106510976,1.5146978554671944e-14
0.46638333333333337,0,-31.044927073482533,192.68184883381355,-31.044927073482526,192.68184883381355,3.640694585475826e-17
0.46638333333333337,0.05610924066255654,-4.930463121059527,151.91607327727266,-4.930463121059521,151.91607327727266,4.090401334379852e-17
0.46638333333333337,0.11221848132511308,24.58334905208751,67.4580687170114,24.5833490520875,67.45806871701139,2.4741084836670437e-16
0.46638333333333337,0.22443696265022617,3.4082147276180303,-1.0779014325574225,3.4082147276180272,-1.077901432557422,8.784705263552722e-16
0.49962500000000004,0,-144.23099146091232,135.1235019257175,-144.23099146091033,135.12350192571955,1.444093357299927e-14
0.49962500000000004,0.055407557254458166,-98.99550256885495,117.86241121945389,-98.99550256885321,117.8624112194553,1.4505711724198146e-14
0.49962500000000004,0.11081511450891633,-24.280887900700357,68.53292505463732,-24.280887900699362,68.53292505463766,1.446355521114186e-14
0.49962500000000004,0.22163022901783266,3.2127875000856787,1.6677775479630403,3.212787500085703,1.6677775479629942,1.4433130544101313e-14
0.5328666666666667,0,-199.13235920448744,19.01557144155848,-199.1323592044874,19.01557144155848,2.841627944205804e-16
0.5328666666666667,0.05474284592250779,-152.47542030242192,31.964754018419526,-152.47542030242187,31.964754018419523,3.655841970446795e-16
0.5328666666666667,0.10948569184501558,-63.08184348939294,37.89672039566149,-63.08184348939293,37.89672039566149,9.655432004970086e-17
0.5328666666666667,0.21897138369003116,1.108923065078833,3.491979875652117,1.108923065078835,3.491979875652118,5.968855213643838e-16
0.5661083333333333,0,-171.25383823858823,-107.79190464099766,-171.25383823858814,-107.7919046409976,5.064201487740825e-16
0.5661083333333333,0.054116469065311285,-141.33291827746032,-69.71800370728948,-141.33291827746027,-69.71800370728945,4.032718643148928e-16
0.5661083333333333,0.10823293813062257,-73.63091177208784,-10.957137410160547,-73.63091177208781,-10.957137410160549,3.82543089715973e-16
0.5661083333333333,0.21646587626124514,-1.699536513031275,3.293592933477026,-1.699536513031277,3.2935929334770253,5.900558567629568e-16
0.59935,0,-70.65530179208649,-191.98253148097666,-70.65530179208646,-191.9825314809766,3.1066351155871496e-16
0.59935,0.0535297724085406,-69.04453513359564,-143.5821549366648,-69.04453513359562,-143.58215493666478,2.5228641362100764e-16
0.59935,0.1070595448170812,-50.46532820459992,-55.82973868614214,-50.46532820459991,-55.82973868614215,1.3352258545670626e-16
0.59935,0.2141190896341624,-3.566927342670511,1.1471532259139714,-3.5669273426705117,1.1471532259139714,2.3704630718661465e-16
0.6325916666666668,0,61.697767500402705,-197.2544757449779,61.697767500405476,-197.25447574497707,1.3988387953351508e-14
0.6325916666666668,0.052984074114166724,34.41783390877604,-157.23848646176316,34.41783390877824,-157.2384864617627,1.3973140264611298e-14
0.6325916666666668,0.10596814822833345,-3.6074689473532424,-75.94708930549763,-3.607468947352192,-75.94708930549768,1.3833625070506629e-14
0.6325916666666668,0.2119362964566669,-3.3723859211485725,-1.7194811995680401,-3.3723859211485534,-1.7194811995680888,1.3800964171274246e-14
0.6658333333333334,0,170.73813295860577,-119.9494440960059,170.73813295860575,-119.94944409600592,1.5228743978186085e-16
0.6658333333333334,0.05248065311115009,125.10925910770703,-103.70940972812866,125.109259107707,-103.70940972812866,1.7489713666116093e-16
0.6658333333333334,0.10496130622230018,45.810326208211094,-61.59405999496482,45.81032620821109,-61.59405999496482,9.256431030429672e-17
0.6658333333333334,0.20992261244460036,-1.1919197300322413,-3.6311378266113796,-1.19191973003224,-3.6311378266113774,6.775580214121821e-16
0.699075,0,210.31761115744743,8.896614285551113,210.31761115744743,8.896614285551102,5.063112936079958e-17
0.699075,0.052020736805837534,163.87059589421645,-4.83807885903927,163.87059589421648,-4.838078859039278,1.800906344847509e-16
0.699075,0.10404147361167507,75.13023801950996,-18.775303183215772,75.13023801950999,-18.77530318321578,3.783078022048738e-16
0.699075,0.20808294722335013,1.7269100802412152,-3.447175465545957,1.7269100802412167,-3.4471754655459605,1.0057828467798424e-15
0.7323166666666667,0,162.7788807795803,136.13112876443685,162.77888077957834,136.13112876443915,1.4251721124181545e-14
0.7323166666666667,0.05160548837365622,133.27973383197332,97.71268227111473,133.27973383197192,97.71268227111662,1.4206104423727249e-14
0.7323166666666667,0.10321097674731244,70.59372860760773,33.324020547972694,70.59372860760725,33.32402054797369,1.4166519369568416e-14
0.7323166666666667,0.2064219534946249,3.682758334395363,-1.2420626884827977,3.6827583343953805,-1.2420626884827448,1.4308839709740468e-14
0.7655583333333335,0,46.75849809218905,208.55237206638796,46.758498092189065,208.55237206638796,6.648979857130378e-17
0.7655583333333335,0.05123599387497926,45.438086933903755,160.13111236417927,45.438086933903776,160.1311123641793,2.1343647829000576e-16
0.7655583333333335,0.10247198774995853,33.79429215025143,70.99381893548754,33.79429215025144,70.99381893548754,9.036900561713865e-17
0.7655583333333335,0.20494397549991705,3.5157172100763865,1.72157369198817,3.5157172100763905,1.7215736919881723,1.1965558555105971e-15
0.7988000000000001,0,-90.20754498766154,195.25375736521556,-90.20754498766013,195.25375736521625,7.26930791720383e-15
0.7988000000000001,0.05091324947439766,-62.87657262401619,155.259501612923,-62.87657262401508,155.25950161292346,7.152502173928189e-15
0.7988000000000001,0.10182649894879532,-18.86903312377739,76.84245862731282,-18.869033123776838,76.84245862731296,7.187487394727612e-15
0.7988000000000001,0.20365299789759064,1.2959249914398334,3.7201558582312186,1.2959249914398594,3.7201558582312106,6.899807838758694e-15
0.8320416666666667,0,-191.31189223484043,100.82262866462641,-191.31189223483898,100.82262866462912,1.4229008385815683e-14
0.8320416666666667,0.050638149071027386,-145.72882472567088,84.42620666917111,-145.72882472566968,84.42620666917317,1.4139614867497293e-14
0.8320416666666667,0.10127629814205477,-63.55829632313637,47.84722962954301,-63.558296323135686,47.84722962954391,1.421897560679129e-14
0.8320416666666667,0.20255259628410954,-1.7037766333266657,3.57564028397356,-1.7037766333266153,3.575640283973584,1.4092567234118725e-14
0.8652833333333334,0,-214.17952128247006,-36.25030550833322,-214.17952128246998,-36.25030550833319,4.137511677313461e-16
0.8652833333333334,0.050411472664949254,-167.62422374744293,-22.857224921389555,-167.62422374744287,-22.857224921389538,3.5202704164015193e-16
0.8652833333333334,0.10082294532989851,-79.85172428139758,-3.124362561754142,-79.85172428139755,-3.124362561754136,3.6292196877501436e-16
0.8652833333333334,0.20164589065979702,-3.7420819559324716,1.3513998487112662,-3.742081955932469,1.3513998487112662,6.697125485905455e-16
0.8985250000000001,0,-148.70473595723513,-159.39916198675922,-148.70473595723672,-159.39916198675763,1.0325463601833548e-14
0.8985250000000001,0.05023387578885644,-118.7823987158879,-121.30045872948615,-118.78239871588912,-121.3004587294849,1.0299427803803833e-14
0.8985250000000001,0.10046775157771289,-60.11860220914668,-53.07586605900911,-60.11860220914721,-53.07586605900848,1.0244493411707711e-14
0.8985250000000001,0.20093550315542577,-3.6246171812880927,-1.6744354321618744,-3.6246171812881114,-1.6744354321618389,1.0049766861076077e-14
0.9317666666666667,0,-21.483960080499354,-217.49190019984934,-21.483960080497447,-217.49190019984957,8.791146306806529e-15
0.9317666666666667,0.05010588032260869,-19.486641172450565,-169.0880700636831,-19.486641172449083,-169.0880700636833,8.782122276660546e-15
0.9317666666666667,0.10021176064521738,-13.092818093203164,-79.32699067956624,-13.092818093202471,-79.32699067956636,8.762243473863425e-15
0.9317666666666667,0.20042352129043475,-1.406041855569796,-3.7478233152237097,-1.4060418555697645,-3.747823315223724,8.639963362425017e-15
0.9650083333333334,0,115.09194963464526,-186.191335763224,115.09194963464559,-186.19133576322372,1.9787899484520435e-15
0.9650083333333334,0.05002786698080291,88.42010112937656,-145.74914704495689,88.42010112937683,-145.74914704495671,1.8733164560507857e-15
0.9650083333333334,0.10005573396160582,40.02960447492223,-69.87131254900176,40.02960447492236,-69.87131254900167,1.9088827413462805e-15
0.9650083333333334,0.20011146792321163,1.6350725369537464,-3.660557736135535,1.6350725369537535,-3.6605577361355346,1.7757685071152464e-15
0.9982500000000001,0,204.5771272521539,-78.1975609711034,204.5771272521529,-78.19756097110559,1.09762736445178e-14
0.9982500000000001,0.050000069720013696,159.2993875782112,-60.96683336155812,159.29938757821043,-60.96683336155983,1.0963465926015357e-14
0.9982500000000001,0.10000013944002739,75.21157382062647,-28.892916393482775,75.21157382062607,-28.892916393483574,1.108247993349082e-14
0.9982500000000001,0.20000027888005478,3.7373100783202977,-1.457235409372666,3.737310078320276,-1.457235409372706,1.1344718933312357e-14
1.0314916666666667,0,209.96410760588876,61.95633451077267,209.96410760588805,61.95633451077473,9.956591482802694e-15
1.0314916666666667,0.05002257225468866,163.153091213825,49.4787763584807,163.15309121382447,49.4787763584823,9.897668393057069e-15
1.0314916666666667,0.10004514450937732,76.52175795944471,25.10304527177739,76.52175795944444,25.103045271778136,9.85204010635987e-15
1.0314916666666667,0.20009028901875464,3.681798531591471,1.5877365881982948,3.6817985315914536,1.5877365881983305,9.907241323928472e-15
1.0647333333333333,0,129.09535364193962,176.4053344525337,129.09535364193928,176.40533445253394,1.875160974954593e-15
1.0647333333333333,0.05009530680170411,98.40599258777233,138.9208264942683,98.40599258777206,138.9208264942685,1.9700539114610728e-15
1.0647333333333333,0.10019061360340822,43.39467766615325,67.70394629602133,43.394677666153115,67.70394629602139,1.821527969477443e-15
1.0647333333333333,0.20038122720681645,1.5024002250582933,3.7111577066622456,1.5024002250582873,3.7111577066622456,1.4974026960200823e-15
1.097975,0,-4.462516298877772,218.01656851427674,-4.462516298876231,218.01656851427674,7.0667420260226664e-15
1.097975,0.050218055097247374,-7.442743128621327,169.66387003813966,-7.442743128620128,169.6638700381397,7.062348111855016e-15
1.097975,0.10043611019449475,-9.122194499583463,79.7002655191525,-9.1221944995829,79.70026551915255,7.055130758067957e-15
1.097975,0.2008722203889895,-1.5348540117018112,3.6872554756313143,-1.534854011701785,3.6872554756313245,7.041089693653881e-15
1.1312166666666665,0,-135.43939583458567,169.9485202103762,-135.43939583458325,169.9485202103781,1.4155027214703787e-14
1.1312166666666665,0.05039045165063993,-109.57122642919374,128.9897790736162,-109.57122642919191,128.98977907361774,1.41264586722688e-14
1.1312166666666665,0.10078090330127985,-57.243406156496135,55.808432392185615,-57.243406156495325,55.80843239218641,1.4203750529539858e-14
1.1312166666666665,0.2015618066025597,-3.67062980137322,1.5392028618852813,-3.6706298013731953,1.5392028618853346,1.4774790138578897e-14
1.1644583333333334,0,-209.88960214346503,52.53716317741704,-209.889602143465,52.537163177416986,2.937299667160815e-16
1.1644583333333334,0.05061198912286283,-164.9412922015113,34.47280489065295,-164.94129220151126,34.47280489065291,3.040734872819305e-16
1.1644583333333334,0.10122397824572565,-79.28590140804654,7.0217185352274125,-79.28590140804653,7.021718535227398,2.5248916028318996e-16
1.1644583333333334,0.2024479564914513,-3.6765122832830515,-1.4790325663149786,-3.676512283283051,-1.4790325663149775,3.0173814133682636e-16
1.1977,0,-197.57784394959742,-85.33006928060631,-197.57784394959802,-85.3300692806049,7.100959951707115e-15
1.1977,0.05088202564759077,-150.56948696508428,-73.63595078422938,-150.56948696508482,-73.6359507842283,7.204211661461208e-15
1.1977,0.10176405129518154,-65.50799239631564,-44.46563899211429,-65.50799239631597,-44.46563899211381,7.367814435434381e-15
1.1977,0.20352810259036308,-1.565739880667251,-3.6175256947819614,-1.5657398806672793,-3.6175256947819507,7.700583086370694e-15
1.2309416666666666,0,-104.37543380075223,-186.68378612281208,-104.37543380075613,-186.6837861228098,2.108196270097761e-14
1.2309416666666666,0.05119979385352428,-73.15812860995888,-149.64516027901914,-73.158128609962,-149.64516027901755,2.1061396428286048e-14
1.2309416666666666,0.10239958770704856,-22.45602283877987,-75.40987111811648,-22.456022838781436,-75.40987111811594,2.1061875020324368e-14
1.2309416666666666,0.20479917541409712,1.4228484730969404,-3.649830499233893,1.4228484730968625,-3.649830499233916,2.0750375693088126e-14
1.2641833333333334,0,30.45552274025555,-210.1734500451225,30.455522740260086,-210.17345004512183,2.1603044312862877e-14
1.2641833333333334,0.051564411301756145,33.98108161288961,-161.86436407258998,33.98108161289311,-161.86436407258924,2.1603831549472533e-14
1.2641833333333334,0.10312882260351229,30.136133783226324,-72.07975638525564,30.136133783227862,-72.07975638525495,2.1539238604931785e-14
1.2641833333333334,0.20625764520702458,3.5540125764554444,-1.5806642078137325,3.554012576455475,-1.5806642078136552,2.137082667098072e-14
1.297425,0,150.8561452060623,-147.0825541724934,150.8561452060644,-147.08255417249126,1.4212958729341938e-14
1.297425,0.05197489202260998,125.31228508506469,-105.93037970040467,125.3122850850662,-105.93037970040288,1.4260273216483478e-14
1.297425,0.10394978404521996,68.42848955240383,-36.40316821107548,68.42848955240434,-36.40316821107451,1.4187892573219142e-14
1.297425,0.2078995680904399,3.608083465832181,1.3686512842910383,3.6080834658321583,1.3686512842910892,1.4424699245145294e-14
1.3306666666666667,0,207.40734629219708,-24.60641857227606,207.40734629219705,-24.60641857227604,1.6047080730856698e-16
1.3306666666666667,0.05243015882332661,162.53683252325496,-6.374697603695183,162.53683252325493,-6.374697603695177,1.7886053452574044e-16
1.3306666666666667,0.10486031764665323,75.34293412703758,15.073541566719394,75.34293412703757,15.073541566719388,1.975272195294444e-16
1.3306666666666667,0.20972063529330645,1.5832395450174819,3.4824321586971947,1.5832395450174854,3.4824321586971965,1.038326572078056e-15
1.3639083333333333,0,177.76333160016668,105.85362791117068,177.76333160016665,105.85362791117066,1.5358860754634324e-16
1.3639083333333333,0.05292905604040693,130.77274348962828,94.13239961292781,130.77274348962828,94.1323996129278,8.819574261051368e-17
1.3639083333333333,0.10585811208081386,48.2389248136953,58.872785425051916,48.238924813695284,58.8727854250519,2.640483637539421e-16
1.3639083333333333,0.21171622416162772,-1.3184141886465537,3.5526317344728406,-1.3184141886465515,3.552631734472838,9.153071769154389e-16
1.39715,0,75.58019811197656,190.34218080355578,75.5801981119793,190.34218080355467,1.444449485144585e-14
1.39715,0.05347036242658,44.573753679656846,153.1424175106366,44.57375367965906,153.14241751063594,1.449091661824453e-14
1.39715,0.10694072485316,-0.07574152333304622,75.34119738431883,-0.07574152333195983,75.34119738431883,1.4419658190889576e-14
1.39715,0.21388144970632,-3.405113568435439,1.5733235297526469,-3.4051135684354183,1.573323529752698,1.4708222031917337e-14
1.4303916666666667,0,-55.661831792805955,194.7953964877226,-55.661831792800456,194.79539648772416,2.8221488821139635e-14
1.4303916666666667,0.05405280388974374,-58.670668561641584,146.4646213182354,-58.670668561637434,146.46462131823705,2.8299207471198575e-14
1.4303916666666667,0.10810560777948748,-47.38539422203613,57.52613509340625,-47.385394222034506,57.5261350934076,2.836839575113067e-14
1.4303916666666667,0.21621121555897496,-3.4851663257177514,-1.2736449103761212,-3.4851663257177883,-1.2736449103760197,2.909540198247326e-14
1.4636333333333333,0,-161.17907883453466,118.89435444850989,-161.17907883453637,118.89435444850758,1.4304325636113923e-14
1.4636333333333333,0.054675065836891024,-134.98018056384728,78.17328955250312,-134.98018056384845,78.17328955250122,1.4312495562447646e-14
1.4636333333333333,0.10935013167378205,-72.31143589422271,14.141144963235535,-72.31143589422292,14.141144963234506,1.425557826010774e-14
1.4636333333333333,0.2187002633475641,-1.5512936691895003,-3.3242179026416303,-1.5512936691894554,-3.3242179026416543,1.3864824460471415e-14
1.496875,0,-197.84685334611143,-4.350442268656184,-197.84685334611137,-4.3504422686589805,1.4136061906165312e-14
1.496875,0.055335804916939985,-152.60133504570894,-21.58634887156204,-152.60133504570862,-21.58634887156419,1.409293186527876e-14
1.496875,0.11067160983387997,-64.02354901159758,-34.655831241460085,-64.02354901159705,-34.65583124146097,1.4177579419699975e-14
1.496875,0.22134321966775994,1.2353584390380794,-3.4075473364337086,1.2353584390381254,-3.407547336433689,1.3779366566661335e-14
1.5301166666666668,0,-151.9415247844119,-122.90923426393996,-151.94152478441188,-122.90923426393994,2.0567136779074336e-16
1.5301166666666668,0.05603365999963688,-105.31357359719789,-109.88275654882789,-105.31357359719787,-109.88275654882786,2.087793136057076e-16
1.5301166666666668,0.11206731999927376,-26.98493818857508,-66.63828459099206,-26.984938188575075,-66.63828459099203,3.9840062558063605e-16
1.5301166666666668,0.22413463999854752,3.241629017381172,-1.5179374832760946,3.2416290173811664,-1.5179374832760921,1.7512814886302504e-15
1.5633583333333334,0,-44.31935016159544,-187.7443685575292,-44.31935016159809,-187.74436855752856,1.4150790020251698e-14
1.5633583333333334,0.05676726227075046,-14.61259833036383,-149.52184961047027,-14.612598330365952,-149.52184961047004,1.419865077338479e-14
1.5633583333333334,0.11353452454150093,21.36308095401307,-67.67374676248834,21.363080954012098,-67.67374676248863,1.4347244251681024e-14
1.5633583333333334,0.22706904908300185,3.321660058807062,1.2041017383781616,3.321660058807076,1.2041017383781107,1.494314930442383e-14
1.5966,0,78.93632850286342,-173.18897506667824,78.93632850286096,-173.1889750666793,1.404902267817345e-14
1.5966,0.05753524436455823,79.98662478381618,-124.79557048647338,79.98662478381439,-124.79557048647446,1.4107057738815136e-14
1.5966,0.11507048872911646,58.803451190609444,-38.009527310975834,58.80345119060888,-38.009527310976665,1.432623100712619e-14
1.5966,0.23014097745823292,1.4743291998684709,3.158893724737423,1.47432919986852,3.1588937247374007,1.5450829150325885e-14
1.6298416666666666,0,166.24063954414763,-87.18622097164913,166.24063954414515,-87.1862209716539,2.8577702125981396e-14
1.6298416666666666,0.05833624849160843,138.1739055207504,-47.75487029815703,138.17390552074903,-47.754870298160995,2.868096887615385e-14
1.6298416666666666,0.11667249698321686,68.57659554934226,8.130949649401185,68.5765955493425,8.130949649399216,2.871506128356809e-14
1.6298416666666666,0.2333449939664337,-1.1800145257694183,3.2293021358036746,-1.1800145257693246,3.2293021358037093,2.9056480787420566e-14
1.6630833333333332,0,182.1583617664944,32.72468586389137,182.15836176649344,32.724685863896525,2.835761061927142e-14
1.6630833333333332,0.0591689335519235,136.0789148516119,47.51594608713501,136.07891485161053,47.51594608713887,2.8392162028282628e-14
1.6630833333333332,0.118337867103847,46.91924833852181,49.33726700699274,46.91924833852041,49.33726700699407,2.8346635493004937e-14
1.6630833333333332,0.236675734207694,-3.077205746243302,1.4217113713750753,-3.077205746243343,1.4217113713749883,2.8365820133632386e-14
1.696325,0,121.86600637003713,135.73307574845074,121.8660063700371,135.73307574845074,1.5580899439301326e-16
1.696325,0.0600319812506733,76.12302718672944,119.9477631627373,76.12302718672942,119.9477631627373,2.0006270894918686e-16
1.696325,0.1200639625013466,4.501911140740717,66.95510517893801,4.501911140740699,66.95510517893797,6.882407320246336e-16
1.696325,0.2401279250026932,-3.1321065125426197,-1.162909173952078,-3.132106512542615,-1.162909173952078,1.4621204902533408e-15
1.7295666666666667,0,12.491038002629328,179.30812992314856,12.491038002629253,179.30812992314858,4.441755831401503e-16
1.7295666666666667,0.06092410125477794,-14.601783336232979,139.22009789101543,-14.601783336233026,139.22009789101543,3.4262289559210534e-16
1.7295666666666667,0.12184820250955589,-38.77733733893537,53.55981235807468,-38.77733733893538,53.559812358074694,3.0393342434111395e-16
1.7295666666666667,0.24369640501911177,-1.3613934786740651,-2.9974228369728295,-1.361393478674069,-2.99742283697283,1.1545181034164434e-15
1.7628083333333333,0,-98.97777561890913,146.82244233370312,-98.97777561890915,146.82244233370312,8.025602996236237e-17
1.7628083333333333,0.06184403544510723,-96.50513116570504,98.5067308465201,-96.50513116570504,98.5067308465201,0.0
1.7628083333333333,0.12368807089021445,-63.11953128218067,16.098138134324266,-63.119531282180674,16.09813813432428,2.439086267346883e-16
1.7628083333333333,0.2473761417804289,1.1523553006934155,-3.031498171122674,1.1523553006934115,-3.031498171122675,1.299053019247366e-15
1.7960500000000001,0,-165.8557464239356,53.9180999150631,-165.85574642393718,53.91809991505839,2.846035667230547e-14
1.7960500000000001,0.06279056133035378,-134.77306659314857,16.853085862545324,-134.77306659314908,16.853085862541498,2.842177463316212e-14
1.7960500000000001,0.12558112266070756,-57.90060668291592,-27.636599807206377,-57.90060668291514,-27.636599807208032,2.8535584158322336e-14
1.7960500000000001,0.2511622453214151,2.9201051994321463,-1.2946732315220189,2.9201051994321845,-1.2946732315219378,2.8048612061352052e-14
1.8292916666666668,0,-161.35096544277457,-58.830102342738094,-161.35096544277286,-58.8301023427427,2.858930934913138e-14
1.8292916666666668,0.06376249469584887,-114.20352218925858,-69.62217371888097,-114.20352218925657,-69.62217371888423,2.857287800508447e-14
1.8292916666666668,0.12752498939169774,-26.32639415353451,-57.43388122243237,-26.32639415353284,-57.43388122243311,2.8901238855653045e-14
1.8292916666666668,0.25504997878339547,2.9286786287488065,1.1477588050929788,2.92867862874877,1.1477588050930625,2.902141466580941e-14
1.8625333333333334,0,-89.33855990029251,-143.57317696221867,-89.33855990029248,-143.5731769622186,3.7583127332842465e-16
1.8625333333333334,0.06475869156420154,-45.26273794567132,-123.67217813275033,-45.26273794567132,-123.6721781327503,2.1581495383668864e-16
1.8625333333333334,0.12951738312840308,16.381071626827552,-60.012695132480104,16.381071626827513,-60.01269513248009,6.684557935585913e-16
1.8625333333333334,0.25903476625680616,1.222781258211028,2.84556453787061,1.2227812582110313,2.845564537870607,1.377174758836546e-15
1.895775,0,18.029942604330724,-165.49974465451484,18.0299426043307,-165.4997446545148,2.268506741526029e-16
1.895775,0.06577804954533555,41.057552786110755,-122.98139198788807,41.057552786110726,-122.98139198788806,2.4508654324001645e-16
1.895775,0.1315560990906711,50.28722731279328,-34.957763200696284,50.28722731279326,-34.9577632006963,3.281484245649897e-16
1.895775,0.2631121981813422,-1.148429442035036,2.824630684922138,-1.148429442035035,2.82463068492214,6.869953551759488e-16
1.9290166666666666,0,114.58143482604311,-117.171343867569,114.5814348260431,-117.17134386756899,1.2263039519131466e-16
1.9290166666666666,0.06681950865190377,107.11290852591148,-69.40491980822573,107.11290852591146,-69.40491980822573,1.1134141863261897e-16
1.9290166666666666,0.13363901730380753,60.045840533145466,5.41627184432127,60.045840533145466,5.416271844321248,3.682965392108329e-16
1.9290166666666666,0.26727803460761507,-2.773915589888688,1.146846676341268,-2.7739155898886882,1.1468466763412721,1.4132777310586975e-15
1.9622583333333334,0,159.9513417208043,-20.9612023817442,159.9513417208037,-20.961202381748706,2.8169091558408076e-14
1.9622583333333334,0.0678820516527533,125.0169374141081,12.449907641760772,125.01693741410844,12.449907641757251,2.8154663244949476e-14
1.9622583333333334,0.1357641033055066,41.856747744588986,42.0707917214514,41.856747744590166,42.070791721450206,2.8277339971403858e-14
1.9622583333333334,0.2715282066110132,-2.72013617659341,-1.1536345894247015,-2.7201361765934404,-1.153634589424624,2.820353091210949e-14
1.9955,0,136.4768333944293,81.16165521669299,136.47683339442696,81.16165521669691,2.8732742483468886e-14
1.9955,0.06896470403260124,88.43386277504246,86.4406996327733,88.43386277503997,86.44069963277583,2.8685058510605634e-14
1.9955,0.13792940806520249,4.919321114978586,58.20676737057641,4.919321114976924,58.20676737057655,2.855204527154458e-14
1.9955,0.27585881613040497,-1.0678794945010737,-2.7051247103040117,-1.0678794945009984,-2.705124710304041,2.7775280383960237e-14
2.028741666666667,0,56.071811588545636,145.88471470835344,56.07181158854558,145.8847147083534,4.066356795103604e-16
2.028741666666667,0.07006653362079149,14.755399942976695,120.82068320591944,14.75539994297666,120.82068320591941,3.737885877702902e-16
2.028741666666667,0.14013306724158298,-33.160769301430925,46.96931845981491,-33.1607693014309,46.96931845981488,6.179096462733839e-16
2.028741666666667,0.28026613448316595,1.1626393294854926,-2.6158007313908946,1.16263932948549,-2.6158007313908933,1.0406979299407602e-15
2.0619833333333335,0,-45.59277315033916,146.91851434788927,-45.59277315033917,146.91851434788927,4.619004783476765e-17
2.0619833333333335,0.07118664994628358,-63.053927100562774,101.86752512148176,-63.053927100562774,101.86752512148178,1.1861839083572847e-16
2.0619833333333335,0.14237329989256717,-54.739917023775256,14.35555307640749,-54.73991702377526,14.355553076407514,4.2694188850369046e-16
2.0619833333333335,0.28474659978513434,2.639052473065419,-0.986765464076859,2.639052473065418,-0.9867654640768637,1.723470486098107e-15
2.095225,0,-124.83258122121191,85.68570207641606,-124.83258122121191,85.68570207641605,9.38563176044907e-17
2.095225,0.07232420337015766,-111.1583320080384,39.353141096006496,-111.1583320080384,39.353141096006496,0.0
2.095225,0.14464840674031532,-50.309841628190036,-23.906275598694467,-50.30984162819003,-23.906275598694464,1.4262084448995233e-16
2.095225,0.28929681348063063,2.5120810622219376,1.1747343925288682,2.5120810622219363,1.174734392528868,4.870374160032755e-16
2.1284666666666667,0,-148.69517994492497,-10.020247901053606,-148.69517994492497,-10.020247901053636,2.0262749861141196e-16
2.1284666666666667,0.07347838404111193,-109.5570478242302,-38.32363097433036,-109.55704782423018,-38.32363097433037,1.7315222122485206e-16
2.1284666666666667,0.14695676808222385,-22.6882391041753,-49.91122144756884,-22.688239104175302,-49.91122144756884,6.479984087311901e-17
2.1284666666666667,0.2939135361644477,0.9042693960688406,2.575489054540932,0.9042693960688424,2.575489054540931,7.275827532807193e-16
2.1617083333333333,0,-108.66837405027862,-98.54463310077523,-108.66837405028137,-98.54463310077215,2.8197218199438478e-14
2.1617083333333333,0.07464842071383918,-60.40278133606321,-96.97401213790728,-60.40278133606593,-96.97401213790555,2.8243255655601042e-14
2.1617083333333333,0.14929684142767835,14.621552166849552,-51.948114421037666,14.621552166848076,-51.94811442103803,2.8165211207321272e-14
2.1617083333333333,0.2985936828553567,-1.1892541355782336,2.4093118242415503,-1.189254135578165,2.409311824241577,2.739426997634791e-14
2.19495,0,-23.643567619508225,-142.45509974015008,-23.64356761950416,-142.45509974015073,2.8507126589131084e-14
2.19495,0.07583357946490152,13.530397834655847,-111.64494159431172,13.530397834659016,-111.6449415943113,2.8415905863102444e-14
2.19495,0.15166715892980304,43.99493909645733,-29.774498695528226,43.994939096458175,-29.774498695527,2.8030023584658325e-14
2.19495,0.3033343178596061,-2.5141823520413826,0.8210436876354792,-2.5141823520414075,0.821043687635413,2.6726799340647146e-14
2.2281916666666666,0,68.86331647205688,-124.36210201641616,68.86331647205687,-124.3621020164161,4.1217537299077095e-16
2.2281916666666666,0.0770331623358455,79.31935902686533,-77.2351260688605,79.3193590268653,-77.23512606886044,5.740453419412225e-16
2.2281916666666666,0.154066324671691,51.997250381053426,5.581520459382892,51.99725038105339,5.58152045938289,6.801962920712892e-16
2.2281916666666666,0.308132649343382,-2.307730266358863,-1.2055868208335292,-2.3077302663588593,-1.2055868208335276,1.489379775603371e-15
2.261433333333333,0,129.20121109113862,-53.78916470961779,129.20121109113865,-53.789164709617815,2.5385446951671054e-16
2.261433333333333,0.07824650592885231,108.5171077714728,-10.18256442533784,108.51710777147281,-10.182564425337855,1.8438832700898502e-16
2.261433333333333,0.15649301185770462,35.526789098629884,37.26331789184408,35.526789098629905,37.26331789184408,4.140287949362309e-16
2.261433333333333,0.31298602371540923,-0.7376396056775119,-2.454859477684125,-0.7376396056775147,-2.454859477684126,1.1782260578028511e-15
2.2946750000000002,0,132.55713745550443,37.61601728437891,132.55713745550443,37.616017284378884,2.0626680701747644e-16
2.2946750000000002,0.07947297997621022,89.44514980508788,59.29059197811638,89.44514980508788,59.29059197811637,1.3242591141473258e-16
2.2946750000000002,0.15894595995242045,2.980144474856037,50.602797079461574,2.980144474856022,50.60279707946157,3.212957611173334e-16
2.2946750000000002,0.3178919199048409,1.2231792519702578,-2.2074978033631854,1.2231792519702607,-2.2074978033631822,1.6809071944298388e-15
2.327916666666667,0,79.15273383469295,110.19419634688883,79.15273383469295,110.1941963468888,2.0948256407259686e-16
2.327916666666667,0.08071198590132879,31.841806995968742,100.75249313570626,31.84180699596875,100.75249313570623,2.772592032426557e-16
2.327916666666667,0.16142397180265758,-29.97871853818187,39.90635269103164,-29.978718538181862,39.90635269103163,3.1832252699124477e-16
2.327916666666667,0.32284794360531516,2.3972425875331713,-0.6545196048663359,2.397242587533171,-0.6545196048663338,8.674741028555564e-16
2.3611583333333335,0,-6.5254510365978335,133.44555695873683,-6.525451036597836,133.44555695873683,1.9943378601230958e-17
2.3611583333333335,0.08196295538586612,-37.97458442443495,96.87457907495893,-37.97458442443495,96.87457907495893,0.0
2.3611583333333335,0.16392591077173224,-47.93322441995261,10.871115729111818,-47.933224419952595,10.871115729111825,3.2325626468905927e-16
2.3611583333333335,0.3278518215434645,2.1087182379602636,1.241537486463092,2.1087182379602636,1.2415374864630893,1.088871577037807e-15
2.3944,0,-86.85846295558886,98.83568404040928,-86.85846295558892,98.83568404040928,4.32011659735388e-16
2.3944,0.08322534895479056,-89.07310063138205,50.66338244443517,-89.07310063138209,50.66338244443516,4.385398840784888e-16
2.3944,0.1664506979095811,-42.91655622498368,-22.387795794248962,-42.91655622498369,-22.387795794248987,5.343279625638255e-16
2.3944,0.3329013958191622,0.572069553314261,2.3410600876133203,0.57206955331426,2.34106008761332,4.537214403497828e-16
2.4276416666666667,0,-127.56332751271015,22.861319827627938,-127.56332751271015,22.86131982762793,5.482765238111372e-17
2.4276416666666667,0.0844986545888148,-99.58720498078611,-16.4041700056349,-99.58720498078611,-16.4041700056349,0.0
2.4276416666666667,0.1689973091776296,-17.939242035652367,-44.171771810575656,-17.93924203565237,-44.171771810575635,4.532783735699874e-16
2.4276416666666667,0.3379946183552592,-1.2602249742949168,2.011452732979332,-1.2602249742949145,2.011452732979332,9.354651220841016e-16
2.4608833333333333,0,-112.30448175521403,-60.694580694642084,-112.30448175521403,-60.694580694642106,1.669818371650114e-16
2.4608833333333333,0.08578238637159148,-66.06186321456146,-74.29624451417739,-66.06186321456146,-74.2962445141774,1.4293928203005886e-16
2.4608833333333333,0.17156477274318296,14.71735489834911,-44.596419862671574,14.717354898349114,-44.59641986267157,1.8912653902014903e-16
2.4608833333333333,0.34312954548636593,-2.2860542024009036,0.49061018958925956,-2.2860542024009023,0.49061018958925895,6.26804819685392e-16
2.494125,0,-49.22570626342915,-115.72523376702331,-49.22570626342915,-115.72523376702331,0.0
2.494125,0.08707608317731208,-4.477533618150916,-97.83934419847964,-4.477533618150915,-97.83934419847964,1.8136871299893992e-17
2.494125,0.17415216635462416,39.509559864083,-24.070517986922283,39.509559864083,-24.070517986922283,0.0
2.494125,0.3483043327092483,-1.9157318361635944,-1.2788591344569207,-1.9157318361635944,-1.2788591344569207,0.0
2.527366666666667,0,33.20061011069134,-119.37434253669201,33.200610110684565,-119.3743425366939,5.6794544270663086e-14
2.527366666666667,0.08837930740287198,57.290323081791364,-77.65043095579671,57.29032308178695,-77.65043095579998,5.690479692607517e-14
2.527366666666667,0.17675861480574395,45.01450619267267,7.171546940636424,45.014506192673075,7.171546940633856,5.702815761439118e-14
2.527366666666667,0.3535172296114879,-0.41040745505690257,-2.231985767981277,-0.41040745505703125,-2.231985767981252,5.778654831003597e-14
2.5606083333333336,0,98.95649278252479,-71.51327397775634,98.9564927825207,-71.51327397776195,5.689873598377403e-14
2.5606083333333336,0.08969164374752256,92.0473905402436,-23.8442634392464,92.04739054024223,-23.844263439251634,5.687557742813246e-14
2.5606083333333336,0.17938328749504512,29.186502084594196,34.1398351370477,29.186502084596125,34.13983513704602,5.690852165256433e-14
2.5606083333333336,0.35876657499009024,1.297107095424899,-1.8215649485285628,1.2971070954247945,-1.8215649485286352,5.687797881533194e-14
2.59385,0,120.18008439414929,5.803910536766633,120.18008439414959,5.8039105367598225,5.6657903238734434e-14
2.59385,0.09101269804189777,85.23366217390195,38.93494094119599,85.23366217390414,38.93494094119116,5.660515188912245e-14
2.59385,0.18202539608379553,0.06987735778399384,44.2632537240847,0.06987735778649196,44.263253724084684,5.6438465870072844e-14
2.59385,0.36405079216759106,2.1786369658125584,-0.33168156057342335,2.1786369658125384,-0.3316815605735446,5.575627282353973e-14
2.627091666666667,0,88.95365385012823,78.42418660753783,88.95365385013268,78.42418660753277,5.680491952758215e-14
2.627091666666667,0.09234209612744783,41.00583081452376,82.75401224865809,41.00583081452848,82.75401224865576,5.69775280512536e-14
2.627091666666667,0.18468419225489566,-28.253207442084136,33.241399577423216,-28.253207442082225,33.24139957742482,5.722248923888861e-14
2.627091666666667,0.3693683845097913,1.728947645083988,1.3146810998640452,1.728947645084064,1.314681099863943,5.859863815023059e-14
2.6603333333333334,0,20.19562547368128,115.13719288176267,20.19562547367473,115.13719288176384,5.68932617111424e-14
2.6603333333333334,0.09367948278661645,-20.08590036797814,88.79446083487835,-20.0859003679832,88.79446083487721,5.695681677801648e-14
2.6603333333333334,0.1873589655732329,-42.45378519479006,6.852481519282065,-42.45378519479045,6.852481519279641,5.711236995558848e-14
2.6603333333333334,0.3747179311464658,0.25461478239578234,2.125812569492775,0.25461478239565916,2.1258125694927865,5.778554519630229e-14
2.693575,0,-55.37106060172047,101.06626276515199,-55.37106060172619,101.06626276514882,5.6742977769261984e-14
2.693575,0.09502452072353279,-70.59424471447731,55.420107474109095,-70.59424471448042,55.42010747410508,5.659771972606366e-14
2.693575,0.19004904144706558,-36.218960800817825,-22.033746187782658,-36.21896080081656,-22.0337461877847,5.667344267201947e-14
2.693575,0.38009808289413116,-1.3313339028117848,1.6378672342484182,-1.331333902811876,1.6378672342483407,5.6722118456428584e-14
2.7268166666666667,0,-104.89588955737068,43.670461367167235,-104.8958895573732,43.67046136716127,5.694585244873627e-14
2.7268166666666667,0.09637688959454055,-88.47642887291413,-1.5453586529765,-88.47642887291406,-1.5453586529815482,5.705377412700032e-14
2.7268166666666667,0.1927537791890811,-13.047402699235336,-39.71118921891783,-13.047402699233057,-39.71118921891858,5.737064215872468e-14
2.7268166666666667,0.3855075583781622,-2.0733401488632963,0.17935806155046818,-2.0733401488633048,0.17935806155034617,5.876982327062041e-14
2.7600583333333333,0,-107.65354978962223,-31.05374333825656,-107.6535497896222,-31.053743338256545,2.8360943981103196e-16
2.7600583333333333,0.09773628508753236,-66.6984919719291,-56.26248888118674,-66.69849197192909,-56.26248888118671,3.6416172912993727e-16
2.7600583333333333,0.19547257017506472,15.655816845103185,-38.12929785776372,15.655816845103164,-38.12929785776372,5.171558251192633e-16
2.7600583333333333,0.39094514035012945,-1.5483068999090777,-1.3468543678516134,-1.5483068999090808,-1.3468543678516114,1.8008333217368176e-15
2.7933,0,-63.698376894670595,-90.29074799161835,-63.69837689467058,-90.29074799161833,1.8187755245325896e-16
2.7933,0.09910241804878699,-15.96271493794384,-84.56282803097815,-15.96271493794383,-84.56282803097812,3.527273719459162e-16
2.7933,0.19820483609757397,36.17025703266882,-18.551094433753708,36.17025703266881,-18.551094433753683,7.046204968129217e-16
2.7933,0.39640967219514794,-0.10603652191338796,-2.021069568035928,-0.10603652191338575,-2.0210695680359256,1.5467491765081682e-15
2.826541666666667,0,6.687018570780482,-108.78356642391103,6.687018570780495,-108.78356642391101,1.7872713004571848e-16
2.826541666666667,0.10047501365580239,40.48123563892556,-74.60558191779481,40.48123563892556,-74.6055819177948,1.6742162256606276e-16
2.826541666666667,0.20095002731160477,39.005689095580514,9.281555913789258,39.00568909558051,9.281555913789262,1.9813327530743036e-16
2.826541666666667,0.40190005462320955,1.3610633778027528,-1.4602487205030241,1.3610633778027525,-1.4602487205030237,2.4872582605621865e-16
2.8597833333333336,0,72.28816494869507,-79.5837757774409,72.28816494869506,-79.58377577744092,1.8692704124651947e-16
2.8597833333333336,0.10185381063447163,77.45317039750044,-31.81177464397889,77.45317039750043,-31.811774643978897,1.8975173737114905e-16
2.8597833333333336,0.20370762126894326,23.284658839013794,31.971648932406104,23.284658839013794,31.97164893240609,3.5929536598092446e-16
2.8597833333333336,0.4074152425378865,1.9688720268538953,-0.034754038418295136,1.9688720268538935,-0.034754038418295385,9.10955869160707e-16
2.893025,0,104.76370877360173,-16.6045989002111,104.76370877360172,-16.60459890021111,1.4978792313123707e-16
2.893025,0.10323856051884846,79.05378150098058,23.97218124612365,79.05378150098058,23.97218124612364,1.2901989274165267e-16
2.893025,0.20647712103769691,-3.058899726864735,38.90141835404409,-3.0588997268647304,38.90141835404409,1.1380629794893507e-16
2.893025,0.41295424207539383,1.3736758101265676,1.3738101163916523,1.3736758101265674,1.3738101163916518,2.5556698438351115e-16
2.926266666666667,0,90.86789673057825,51.93376328607158,90.86789673058121,51.93376328606643,5.6746817406334543e-14
2.926266666666667,0.10462902695168803,45.4867208451876,67.63837608160496,45.486720845191435,67.63837608160239,5.667127941406335e-14
2.926266666666667,0.20925805390337607,-27.258463570377636,27.19285005454298,-27.258463570376083,27.192850054544525,5.689435242141414e-14
2.926266666666667,0.41851610780675214,-0.03440301224622729,1.9166388269830206,-0.0344030122461183,1.916638826983019,5.686138276242889e-14
2.9595083333333334,0,37.827078335021646,96.10749985512584,37.827078335027075,96.1074998551237,5.646639485547949e-14
2.9595083333333334,0.10602498502391869,-7.430266450834554,80.09357552523313,-7.430266450830025,80.09357552523356,5.655129038683156e-14
2.9595083333333334,0.21204997004783738,-37.88668137891743,2.879902434493677,-37.88668137891726,2.8799024344958077,5.625735179354331e-14
2.9595083333333334,0.42409994009567475,-1.384968737842863,1.2885737814071532,-1.3849687378427895,1.2885737814072284,5.561305938403563e-14
2.99275,0,-30.301571158688652,97.32872500697297,-30.301571158683117,97.32872500697466,5.67774270678562e-14
2.99275,0.1074262206511953,-55.675349232398965,56.5928931860404,-55.67534923239573,56.592893186043554,5.689983092056832e-14
2.99275,0.2148524413023906,-30.242812686350184,-22.173184955405098,-30.242812686351442,-22.173184955403364,5.711536427927354e-14
2.99275,0.4297048826047812,-1.8642799914707442,-0.10136269383959473,-1.8642799914707495,-0.10136269383948543,5.861238588573383e-14
3.0259916666666666,0,-83.49627272360999,56.14829810509829,-83.49627272360684,56.148298105103024,5.65240448484685e-14
3.0259916666666666,0.10883252998570057,-77.9002013346865,8.49894612808484,-77.90020133468603,8.498946128089244,5.6512896090794154e-14
3.0259916666666666,0.21766505997140115,-8.419347770688388,-36.04558272748787,-8.419347770690425,-36.045582727487385,5.657009149192867e-14
3.0259916666666666,0.4353301199428023,-1.2049316903825915,-1.394435416467413,-1.2049316903826697,-1.3944354164673443,5.6513449849260376e-14
3.0592333333333337,0,-98.97160868731021,-8.446584023088988,-98.97160868730975,-8.446584023094573,5.6410662018179473e-14
3.0592333333333337,0.1102437188613915,-64.86029698320051,-42.16174281935568,-64.86029698319815,-42.16174281935934,5.6279834013168e-14
3.0592333333333337,0.220487437722783,16.854985087031327,-32.422605994342284,16.854985087033132,-32.42260599434134,5.575031302559179e-14
3.0592333333333337,0.440974875445566,0.1660650331573386,-1.8117228272444215,0.16606503315743587,-1.8117228272444117,5.374138115118556e-14
3.0924750000000003,0,-70.92040573246656,-67.73757828449608,-70.92040573246653,-67.7375782844961,3.2401187768923306e-16
3.0924750000000003,0.1116596022709316,-23.23825144627528,-72.75744756762307,-23.238251446275267,-72.75744756762307,1.8605851452104796e-16
3.0924750000000003,0.2233192045418632,33.47324112825497,-13.46135868966611,33.47324112825496,-13.461358689666113,2.2018889983188419e-16
3.0924750000000003,0.4466384090837264,1.4021257536812535,-1.1227425903171464,1.4021257536812521,-1.1227425903171488,1.5489011728256234e-15
3.125716666666667,0,-12.637931392772982,-96.01175745938723,-12.637931392772956,-96.01175745938725,4.022983192009109e-16
3.125716666666667,0.11308000387260222,27.711603918230807,-70.14339811566965,27.711603918230825,-70.14339811566964,3.0162770133141247e-16
3.125716666666667,0.22616000774520445,33.73955543826487,11.437363570481093,33.739555438264865,11.4373635704811,2.8206237017580195e-16
3.125716666666667,0.4523200154904089,1.758910490921413,0.2284600242611381,1.7589104909214108,0.22846002426113843,1.265887988006072e-15
3.1589583333333335,0,49.722073673068685,-81.69312688603834,49.72207367306871,-81.69312688603833,2.678829399355459e-16
3.1589583333333335,0.11450475552554502,65.03930173065392,-36.2939379993893,65.03930173065393,-36.2939379993893,1.9079939642794962e-16
3.1589583333333335,0.22900951105109005,17.92561987109571,30.27301826330333,17.92561987109572,30.27301826330333,3.0294174405574314e-16
3.1589583333333335,0.4580190221021801,1.0420037939500062,1.4079725121482054,1.042003793950009,1.4079725121482047,1.6912637126007057e-15
3.1922,0,88.8499400222658,-32.05728927125826,88.84994002226583,-32.05728927125824,3.761227004841968e-16
3.1922,0.11593369685175202,72.4168872173099,12.932511520208854,72.41688721730992,12.932511520208863,2.278075816585792e-16
3.1922,0.23186739370350404,-6.046108699047613,34.218466966335086,-6.046108699047611,34.21846696633508,2.1077470615790462e-16
3.1922,0.4637347874070081,-0.2885060294024376,1.7058005971309644,-0.28850602940243486,1.7058005971309624,1.9509773367731937e-15
3.2254416666666668,0,88.21830723345741,30.380546767536618,88.21830723345742,30.38054676753665,3.7501663149835776e-16
3.2254416666666668,0.11736667482328632,47.26698115361922,55.190155089028295,47.266981153619234,55.19015508902831,2.765752228853646e-16
3.2254416666666668,0.23473334964657264,-26.55388436632331,21.749607083435407,-26.553884366323302,21.74960708343543,6.546198028577443e-16
3.2254416666666668,0.4694666992931453,-1.4119236435566591,0.9627169214678254,-1.4119236435566564,0.9627169214678304,3.3133154590735357e-15
3.2586833333333334,0,49.04555683668651,78.04279709733885,49.0455568366865,78.04279709733885,7.708666379851795e-17
3.2586833333333334,0.11880354337328546,1.595263881175881,71.76787204859654,1.595263881175864,71.76787204859656,3.0970276536526974e-16
3.2586833333333334,0.2376070867465709,-33.89973529449752,-0.7975670285237695,-33.89973529449751,-0.7975670285237868,5.52074214977823e-16
3.2586833333333334,0.4752141734931418,-1.6523638933868605,-0.3461685046287213,-1.6523638933868603,-0.3461685046287243,1.7804475787418114e-15
3.291925,0,-10.642599808186185,90.44621842720316,-10.64259980818617,90.44621842720316,1.7554819905601053e-16
3.291925,0.1202441630293679,-43.704251532846584,55.86029260461498,-43.70425153284656,55.860292604614976,3.1680168349104056e-16
3.291925,0.2404883260587358,-24.888337266606054,-22.427933208919676,-24.888337266606054,-22.42793320891966,4.2416842623347966e-16
3.291925,0.4809766521174716,-0.8848877937675411,-1.4139405762350319,-0.8848877937675399,-1.413940576235029,1.8790614144295983e-15
3.3251666666666666,0,-64.26924799832439,62.988480843770205,-64.26924799832081,62.988480843773836,5.6670939393218934e-14
3.3251666666666666,0.12168840056813257,-68.38500610259764,15.337136365479934,-68.38500610259676,15.337136365483811,5.6740969571674954e-14
3.3251666666666666,0.24337680113626514,-4.2027897272469055,-32.837374740920836,-4.202789727248769,-32.837374740920595,5.67581961751578e-14
3.3251666666666666,0.4867536022725303,0.4014189896963413,-1.5985830148781206,0.401418989696251,-1.5985830148781446,5.6695422217478846e-14
3.3584083333333337,0,-88.51437987813055,8.60164819680324,-88.51437987813105,8.601648196798205,5.688327725904427e-14
3.3584083333333337,0.12313612868950921,-61.88211869267063,-31.10503560473106,-61.882118692668854,-31.105035604734578,5.689173601316018e-14
3.3584083333333337,0.24627225737901842,18.00805853548174,-27.313866862727895,18.008058535483293,-27.313866862726865,5.695353205565515e-14
3.3584083333333337,0.49254451475803684,1.413996730242716,-0.8085262165741309,1.4139967302427603,-0.8085262165740497,5.6791634572431747e-14
3.3916500000000003,0,-73.43887342668242,-48.29448819044694,-73.43887342667965,-48.29448819045112,5.703875143909958e-14
3.3916500000000003,0.12458722570978316,-27.81976435446976,-62.5451003337526,-27.819764354466187,-62.54510033375417,5.702858320041194e-14
3.3916500000000003,0.24917445141956632,31.096999452425553,-8.861510594660848,31.096999452426047,-8.861510594659057,5.744299424993712e-14
3.3916500000000003,0.49834890283913263,1.5444513251834953,0.4542343120901736,1.5444513251834675,0.45423431209026416,5.882336134630191e-14
3.424891666666667,0,-26.535671480405338,-82.72983667903814,-26.53567148040064,-82.72983667903964,5.672123749384261e-14
3.424891666666667,0.1260415752721836,17.9250130515157,-65.24576898848343,17.925013051519393,-65.2457689884824,5.671754500609316e-14
3.424891666666667,0.2520831505443672,29.014563894144274,13.405803512267166,29.014563894143507,13.405803512268804,5.6588267056944964e-14
3.424891666666667,0.5041663010887344,0.7336456900146714,1.41207622996732,0.7336456900145907,1.4120762299673608,5.68499780469912e-14
3.4581333333333335,0,30.933052751116666,-80.12442697125414,30.933052751116662,-80.12442697125411,3.3349055830230706e-16
3.4581333333333335,0.1274990660739858,54.59779202792641,-38.643535806329865,54.5977920279264,-38.64353580632985,2.3752836688222777e-16
3.4581333333333335,0.2549981321479716,13.098033785947855,28.753778708920116,13.098033785947848,28.75377870892011,3.18028718963839e-16
3.4581333333333335,0.5099962642959432,-0.5045959636818562,1.489971843963135,-0.5045959636818567,1.489971843963136,6.312476978462633e-16
3.491375,0,73.54598677003348,-42.445505100965065,73.5459867700335,-42.44550510096505,2.366728819441651e-16
3.491375,0.12895959160913803,65.96593832167153,4.686684991324311,65.96593832167153,4.686684991324327,2.417461933864424e-16
3.491375,0.25791918321827606,-8.72939410184952,29.994178566827117,-8.729394101849527,29.99417856682711,3.2167179713892843e-16
3.491375,0.5158383664365521,-1.408172787107858,0.6602630697255747,-1.4081727871078573,0.6602630697255739,6.581288394569403e-16
3.5246166666666667,0,82.94817994851581,13.012356949376809,82.9481799485158,13.012356949376791,2.709356421578685e-16
3.5246166666666667,0.13042304992548184,47.491816013008766,44.94885917642929,47.49181601300876,44.94885917642927,2.429756939131006e-16
3.5246166666666667,0.2608460998509637,-25.89039213718533,16.845287687036183,-25.890392137185305,16.84528768703617,9.273109177730537e-16
3.5246166666666667,0.5216921997019274,-1.4351562594622274,-0.5524896159422572,-1.435156259462224,-0.5524896159422557,2.3900524910480765e-15
3.5578583333333333,0,55.742846603350834,61.53516363598543,55.742846603350834,61.535163635985406,2.567324808067182e-16
3.5578583333333333,0.13188934339568828,8.114945447389442,64.15195849538225,8.114945447389456,64.15195849538223,3.107979722590687e-16
3.5578583333333333,0.26377868679137656,-30.270736975758766,-4.081966361629725,-30.27073697575876,-4.081966361629705,6.806977841274221e-16
3.5578583333333333,0.5275573735827531,-0.5883981989852718,-1.4022887299029796,-0.588398198985274,-1.4022887299029767,2.3947691343864072e-15
3.5911000000000004,0,4.6619774949815005,81.98208901575576,4.661977494981503,81.98208901575575,1.7607719570556765e-16
3.5911000000000004,0.13335837850108576,-34.04276957579425,54.13689060294291,-34.042769575794246,54.136890602942906,1.5712988083330557e-16
3.5911000000000004,0.2667167570021715,-20.05003511830148,-22.59500890176132,-20.05003511830147,-22.59500890176131,4.989659405016832e-16
3.5911000000000004,0.533433514004343,0.5979047458045151,-1.3800240216734316,0.5979047458045146,-1.3800240216734305,8.253214318494629e-16
3.624341666666667,0,-47.358252013461474,65.98181039175297,-47.35825201346145,65.98181039175297,2.6245681678811773e-16
3.624341666666667,0.13483006562760363,-59.99837861936883,20.027866345920806,-59.998378619368815,20.027866345920817,2.8083435294908424e-16
3.624341666666667,0.26966013125520727,-0.4400035478744478,-29.875282605272194,-0.44000354787444174,-29.87528260527216,1.0891400091586057e-15
3.624341666666667,0.5393202625104145,1.3944341573758186,-0.5180735263052674,1.3944341573758146,-0.5180735263052635,3.7473217079889435e-15
3.6575833333333336,0,-77.45437093810267,21.337839952648384,-77.45437093810268,21.33783995264838,1.823282394497785e-16
3.6575833333333336,0.1363043188731045,-58.44262973177325,-22.34504098964668,-58.44262973177326,-22.345040989646694,2.539323875685139e-16
3.6575833333333336,0.272608637746209,18.959314123724933,-22.67297271480455,18.959314123724944,-22.672972714804537,6.01026974705525e-16
3.6575833333333336,0.545217275492418,1.3246015108793128,0.6408343494047986,1.3246015108793108,0.6408343494048006,1.920635403329792e-15
3.6908250000000002,0,-72.8690992000712,-31.73264205084937,-72.86909920007119,-31.732642050849357,2.528624599542258e-16
3.6908250000000002,0.13778105586542003,-30.65620108585389,-53.773323798827285,-30.656201085853887,-53.77332379882728,1.2834176043309712e-16
3.6908250000000002,0.27556211173084005,28.85049058696444,-4.748059377265917,28.850490586964437,-4.748059377265919,1.5188464287698072e-16
3.6908250000000002,0.5511242234616801,0.44931371904783124,1.3846262000987368,0.4493137190478313,1.3846262000987366,1.5722868558555896e-16
3.724066666666667,0,-36.344390312738255,-69.73145544517119,-36.344390312738255,-69.73145544517118,1.8072026687688997e-16
3.724066666666667,0.13926019759044952,10.32496228114989,-60.36398864474014,10.324962281149872,-60.36398864474013,3.124060871136008e-16
3.724066666666667,0.27852039518089905,24.68859865756003,15.076604810272308,24.688598657560046,15.076604810272286,9.591935888768574e-16
3.724066666666667,0.5570407903617981,-0.6812747251670468,1.2689212757603738,-0.6812747251670426,1.268921275760377,3.638584042017186e-15
3.7573083333333335,0,15.399812283011258,-76.26759898655348,15.399812283011252,-76.26759898655347,1.9506259151021803e-16
3.7573083333333335,0.14074166822971823,45.80511962537441,-39.67073867171599,45.8051196253744,-39.67073867171598,1.6582926251638702e-16
3.7573083333333335,0.28148333645943646,8.762909359025315,27.249179968771298,8.762909359025315,27.249179968771294,1.241186482870975e-16
3.7573083333333335,0.5629666729188729,-1.3728883714764977,0.38214528069683235,-1.3728883714764974,0.3821452806968323,1.6060718481132792e-16
3.79055,0,59.295532377290115,-49.11505167875883,59.2955323772901,-49.115051678758824,2.063535797818838e-16
3.79055,0.14222539500683104,59.94354268963515,-1.5608138891988945,59.94354268963514,-1.5608138891989078,3.248502286894744e-16
3.79055,0.2844507900136621,-11.039976397860544,26.08486353699299,-11.039976397860512,26.084863536992984,1.1563810184061394e-15
3.79055,0.5689015800273242,-1.2130213351215218,-0.7192253111725295,-1.2130213351215224,-0.7192253111725242,3.8083152120315815e-15
3.8237916666666667,0,76.19363434883384,-0.9062247683823151,76.19363434883383,-0.9062247683823301,2.710537064492447e-16
3.8237916666666667,0.14371130804229065,46.81667357716813,36.46769367655492,46.81667357716813,36.467693676554916,1.1973315304019415e-16
3.8237916666666667,0.2874226160845813,-25.132749457648817,12.415351916252849,-25.132749457648806,12.415351916252837,5.84231208295961e-16
3.8237916666666667,0.5748452321691626,-0.3165961771912695,-1.3592499957785018,-0.3165961771912669,-1.3592499957785,2.228812736459985e-15
3.8570333333333333,0,59.20513898927165,46.71877990287821,59.20513898927164,46.7187799028782,2.664768543119404e-16
3.8570333333333333,0.1451993402161841,12.883347319842837,57.30532943556176,12.883347319842834,57.305329435561745,2.4939203843227283e-16
3.8570333333333333,0.2903986804323682,-26.862620748296184,-6.940619586503964,-26.862620748296173,-6.940619586503962,3.959722121281428e-16
3.8570333333333333,0.5807973608647364,0.7546885646116472,-1.1569445374107363,0.7546885646116469,-1.156944537410736,2.8979049004067045e-16
3.8902750000000004,0,16.48847562826011,72.80833416522003,16.488475628260105,72.80833416522005,2.128304047532918e-16
3.8902750000000004,0.14668942703827093,-26.165274590348282,51.91846764982583,-26.165274590348297,51.91846764982583,2.4442874894414236e-16
3.8902750000000004,0.29337885407654185,-15.646981335048967,-22.569562145984943,-15.64698133504896,-22.56956214598494,2.8926651089222836e-16
3.8902750000000004,0.5867577081530837,1.3437457011258545,-0.2526954760589375,1.3437457011258527,-0.252695476058937,1.349577303088315e-15
3.923516666666667,0,-32.6354230096223,66.30374820244104,-32.635423009622286,66.30374820244103,2.7194987020743047e-16
3.923516666666667,0.1481815065250358,-52.6463350031315,23.254757445630435,-52.64633500313148,23.254757445630435,2.4691500258654025e-16
3.923516666666667,0.2963630130500716,2.8662454610995307,-27.034894421174464,2.8662454610995276,-27.03489442117445,5.350793891588117e-16
3.923516666666667,0.5927260261001432,1.1007379724926754,0.7876698734366077,1.100737972492674,0.7876698734366067,1.2303624693782799e-15
3.9567583333333336,0,-66.40374528280225,30.71350817970712,-66.40374528280225,30.71350817970713,1.4567730167175975e-16
3.9567583333333336,0.1496755190832965,-54.8818348233084,-15.316904214744527,-54.88183482330841,-15.316904214744525,1.285401254303745e-16
3.9567583333333336,0.299351038166593,19.633304560427245,-18.41067461242393,19.633304560427234,-18.410674612423943,6.599866032554849e-16
3.9567583333333336,0.598702076333186,0.19047300084038668,1.3264149673653092,0.19047300084038932,1.326414967365309,1.9746796179609346e-15
3.99,0,-70.23975580933867,-17.712792083457444,-70.23975580933865,-17.712792083457437,4.044305682205728e-16
3.99,0.15117140739998178,-32.33951338935015,-46.22601450653427,-32.33951338935014,-46.22601450653425,4.541139147272247e-16
3.99,0.30234281479996356,26.625984398626724,-1.1003450366039669,26.62598439862672,-1.1003450366039669,1.3331652937009834e-16
3.99,0.6046856295999271,-0.8181774922362043,1.0444524305162481,-0.8181774922362044,1.0444524305162481,8.367918978544823e-17
