epsilon_imag,max_interactions,relative_error,actual_real,actual_imag,theory_real,theory_imag,power_balance_error,truncated_power
0.0,2,0.11111111111110764,0.22128943558241276,-0.86090327127369,0.12425729779862882,-0.8653156919079807,0.0,0.0001310824063206426
0.0,4,0.012345679012342535,0.12369916855328451,-0.8760937406159877,0.12425729779862882,-0.8653156919079807,1.633807298075028e-16,1.6183013126005253e-06
0.0,6,0.0013717421124864956,0.12307140434165267,-0.8651377740599614,0.12425729779862882,-0.8653156919079807,0.0,1.9979028550623765e-08
0.0,8,0.00015241579027829106,0.1242897580657034,-0.8651864657750525,0.12425729779862882,-0.8653156919079807,0.0,2.466546734644909e-10
0.0,12,1.8816764215050532e-06,0.12425659646914865,-0.8653171798542117,0.12425729779862882,-0.8653156919079807,1.633807298075028e-16,3.759406698132767e-14
0.0,16,2.3230573924562698e-08,0.12425730984189554,-0.8653156755564191,0.12425729779862882,-0.8653156919079807,3.267614596150056e-16,5.729929428643141e-18
0.0,24,3.539708108186677e-12,0.12425729780126925,-0.8653156919063673,0.12425729779862882,-0.8653156919079807,3.267614596150056e-16,1.3310954459558346e-25
0.0,32,4.33433849665715e-15,0.1242572977986265,-0.8653156919079777,0.12425729779862882,-0.8653156919079807,3.267614596150056e-16,3.0922110094188915e-33
0.02,2,0.10812796168795402,0.21760178693311438,-0.849432075409752,0.1243717609226987,-0.8544768648185891,1.633807298075028e-16,0.00012413393657245646
0.02,4,0.011691656098789164,0.12400415207594573,-0.8645656899758981,0.1243717609226987,-0.8544768648185891,0.0,1.4513312965944691e-06
0.02,6,0.0012641949427225963,0.12328893062100703,-0.8543387104690597,0.1243717609226987,-0.8544768648185891,0.0,1.6968466405197007e-08
0.02,8,0.00013669482233487514,0.12439721745264273,-0.8543616092892806,0.1243717609226987,-0.8544768648185891,1.633807298075028e-16,1.983894737334755e-10
0.02,12,1.5981888515083755e-06,0.12437122563459711,-0.8544781367782605,0.1243717609226987,-0.8544768648185891,3.267614596150056e-16,2.7118813864621618e-14
0.02,16,1.8685475328660428e-08,0.12437176975534826,-0.8544768513164425,0.1243717609226987,-0.8544768648185891,1.633807298075028e-16,3.707001443090677e-18
0.02,24,2.55343835157868e-12,0.12437176092447857,-0.8544768648172878,0.1243717609226987,-0.8544768648185891,1.633807298075028e-16,6.926708076023099e-26
0.02,32,4.313774480222227e-15,0.12437176092269621,-0.8544768648185863,0.1243717609226987,-0.8544768648185891,1.633807298075028e-16,1.2942882679441665e-33
